name,type,start_date,end_date,influence_area
Áp thấp nhiệt đới trên biển Đông,Áp thấp nhiệt đới,12/02/2025,14/02/2025,Biển Đông
Cơn bão số 10 - PABUK,Bão,21/12/2024,25/12/2024,"Vùng biển phía Tây Nam khu vực Giữa Biển Đông, vùng biển ngoài khơi từ Ninh Thuận đến Bà Rịa-Vũng Tàu (bao gồm huyện đảo Phú Quý)"
Cơn bão số 9 - MANYI,Bão,16/11/2024,20/11/2024,Biển Đông
Bão gần biển Đông - Cơn bão USAGI,Bão,14/11/2024,16/11/2024,Vùng biển phía Đông khu vực Bắc Biển Đông
Cơn bão số 8 - TORAJI,Bão,10/11/2024,14/11/2024,Bắc Biển Đông
Cơn bão số 7 - YINXING,Bão,06/11/2024,12/11/2024,Biển Đông
Cơn bão số 6 - TRAMI,Bão,22/10/2024,28/10/2024,"Hà Tĩnh - Quảng Nam, Vịnh Bắc Bộ, vùng biển từ Quảng Trị đến Ninh Thuận và phía Bắc của khu vực Bắc Biển Đông"
Cơn bão số 5 - KRATHON,Bão,30/09/2024,03/10/2024,Vùng biển phía Đông Bắc khu vực Bắc Biển Đông
Cơn bão số 4 - SOULIK,Bão,16/09/2024,19/09/2024,"Biển Đông, Bắc và Trung Trung Bộ"
Cơn bão số 2 - PRAPIROON,Bão,19/07/2024,,vùng ven biển Quảng Ninh-Hải Phòng
Áp thấp nhiệt đới trên biển đông,Áp thấp nhiệt đới,13/07/2024,16/07/2024,Vùng ven biển khu vực miền Trung
Cơn bão số 1 - MALIKSI,Bão,30/05/2024,01/06/2024,Biển Đông
Bão JELAWAT,Bão,17/12/2023,21/12/2023,Biển Đông
Cơn bão số 5,Bão,16/10/2023,20/10/2023,Biển Đông
Cơn bão số 4 - KOINU,Bão,03/10/2023,10/10/2023,Biển Đông
Áp thấp nhiệt đới,Áp thấp nhiệt đới,24/09/2023,26/09/2023,Bắc và Trung Trung Bộ
Cơn bão số 3 - SAOLA,Bão,29/08/2023,03/09/2023,Vùng ven biển phía Tây bán đảo Lôi Châu (Trung Quốc)
Cơn bão số 2 - DOKSURI,Bão,24/07/2023,28/07/2023,Biển Đông
Cơn bão số 1 - TALIM,Bão,13/07/2023,18/07/2023,Biển Đông
Áp thấp nhiệt đới trên biển Đông,Áp thấp nhiệt đới,05/05/2023,07/05/2023,Biển Đông
Cơn bão số 7 - NALGAE,Bão,28/10/2022,03/11/2022,Biển Đông
Áp thấp nhiệt đới trên Biển Đông,Áp thấp nhiệt đới,21/10/2022,23/10/2022,Bắc Biển Đông
Cơn bão số 6 - NESAT,Bão,15/10/2022,20/10/2022,Biển Đông
Cơn bão số 5 - SONCA,Bão,12/10/2022,15/10/2022,Biển Đông và các tỉnh ven biển miền Trung
Cơn bão số 4 - NORU,Bão,24/09/2022,28/09/2022,Khu vực vùng biển miền Trung
Cơn bão số 3 - MAON,Bão,22/08/2022,26/08/2022,Biển đông
Cơn bão số 2 - MULAN,Bão,07/08/2022,11/08/2022,Khu vực Đông Bắc của Bắc Bộ.
Ấp thấp nhiệt đới trên biển Đông,Áp thấp nhiệt đới,04/08/2022,04/08/2022,Biển đông
Cơn bão số 1 - CHABA,Bão,28/06/2022,03/07/2022,Biến Đông
Cơn bão số 9 - Rai,Bão,15/12/2021,20/12/2021,Trên khu vực biển Đông
Áp thấp nhiệt đới trên biển Đông,Áp thấp nhiệt đới,24/10/2021,27/10/2021,Thừa Thiên Huế đến Khánh Hòa và Tây Nguyên
Cơn bão số 8 - Kompasu,Bão,10/10/2021,14/10/2021,Từ Nam Định đến Thanh Hóa
Cơn bão số 7 - LIONROCK,Bão,05/10/2021,10/10/2021,Từ Hải Phòng đến Nam Định
Sạt lở đất tại Lâm Đồng,Sạt lở đất do mưa lũ hoặc dòng chảy,29/09/2021,29/09/2021,Phường 7 - thành phố Đà Lạt - tỉnh Lâm Đồng
Mưa lớn tại Hà Tĩnh,Mưa lớn,25/09/2021,25/09/2021,"Xã Kỳ Anh, Sơn Tiến, Sơn Bằng, Kim Giang, Đức Bồng, Đức Giang, Đức Lĩnh, Đức Hương - huyện Hương Sơn, Vũ Quang, Đức Thọ - tỉnh Hả Tĩnh"
Ngập lụt tại Quảng Ninh,Ngập lụt,24/09/2021,24/09/2021,Thành phố Cẩm Phả - Tỉnh Quảng Ninh
Mưa lớn tại Quảng Nam,Mưa lớn,23/09/2021,23/09/2021,Huyện Phước Sơn - tỉnh Quảng Nam
Sạt lở đất tại Phú Thọ,Sạt lở đất do mưa lũ hoặc dòng chảy,23/09/2021,24/09/2021,"Xã Tân Minh, Thượng Cửu - Huyện Thanh Sơn - Tỉnh Phú Thọ"
Mưa lớn tại Hoà Bình,Mưa lớn,23/09/2021,25/09/2021,"Huyện Đà Bắc, Mai Châu - Tỉnh Hoà Bình"
Cơn bão số 6 (DIANMU),Bão,23/09/2021,24/09/2021,Thừa Thiên Huế đến Quảng Nam
Ngập lụt tại Bình Thuận,Ngập lụt,22/09/2021,22/09/2021,"Phan Sơn, Phan Tiến, Hải Ninh, Sông Bình và thị trấn Chợ Lầu - huyện Bắc Bình - Tỉnh Bình Thuận"
Mưa lớn gây ngập tại Tây Ninh,Ngập lụt,21/09/2021,21/09/2021,Ấp Phước Hưng - xã Phước Chỉ - thị xã Trảng Bàng
Mưa lớn gây lũ tại Bình Thuận,Lũ,20/09/2021,20/09/2021,Xã Phan Sơn - huyện Bắc Bình - tỉnh Bình Thuận
Mưa kèm theo lốc tại Lào Cai,Lốc,19/09/2021,20/09/2021,"Xã Bản Liền, Cốc Ly - Huyện Bắc Hà - tỉnh Lào Cai"
Mưa lớn tại Yên Bái,Mưa lớn,19/09/2021,20/09/2021,"Xã Yên Thái, Kiên Thành, Hồng Ca, Đông Cuông - huyện Văn Yên, Trấn Yên, Lục Yên - tỉnh Yên Bái"
Mưa lớn gây sạt lở tại Lào Cai,Sạt lở đất do mưa lũ hoặc dòng chảy,19/09/2021,20/09/2021,Xã Dìn Chin - huyện Mường Khương - tỉnh Lào Cai
Mưa lớn tại Hà Giang,Mưa lớn,19/09/2021,20/09/2021,"Xã Nà Chì, Bản Díu, Thanh Thủy, Xuân Minh, Tân Nam, Việt Lâm - huyện Xín Mần, Vị Xuyên, Quang Bình - tỉnh Hà Giang"
Mưa lớn kèm lốc tại Tây Ninh,Mưa lớn,19/09/2021,19/09/2021,Thị xã Tràng Bảng - tỉnh Tây Ninh
Mưa lớn gây ngập lụt tại Tây Ninh,Ngập lụt,19/09/2021,19/09/2021,xã Suối Đá - huyện Dương Minh Châu - tỉnh Tây Ninh
Mưa lớn tại Bình Thuận,Mưa lớn,18/09/2021,18/09/2021,Xã Phan Tiến - huyện Bắc Bình - tỉnh Bình Thuận
Mưa lớn kèm lốc tại Tây Ninh,Lốc,18/09/2021,18/09/2021,Xã Tiên Thuận - huyện Bến Cầu - tỉnh Tây Ninh
Mưa kèm lốc tại Tây Ninh,Lốc,18/09/2021,18/09/2021,Thành phố Tây Ninh - tỉnh Tây Ninh
Mưa lớn tại Bình Thuận,Mưa lớn,17/09/2021,17/09/2021,Xã Trà Tân - huyện Đức Linh - tỉnh Bình Thuận
"Dông, lốc, sét tại Gia Lai","Mưa dông kèm theo lốc, sét và mưa đá",17/09/2021,17/09/2021,Huyện Ia Grai - tỉnh Gia Lai
Mưa kèm theo lốc tại Tây Ninh,Lốc,17/09/2021,18/09/2021,"xã Tân Phong, Mỏ Công, Thạnh Bắc - huyện Tân Biên - tỉnh Tây Ninh"
Sạt lở đất tại Cà Mau,Sạt lở đất do mưa lũ hoặc dòng chảy,16/09/2021,16/09/2021,Ấp Thuận Hòa B - xã Tân Thuận - huyện Đầm Dơi - tỉnh Cà Mau
Sét tại Hà Nội,Sét,15/09/2021,15/09/2021,"Xã Kiêu Kỵ, huyện Gia Lâm, Hà Nội"
Mưa lớn kèm lũ ống tại Gia Lai,Lũ,09/09/2021,09/09/2021,xã Đất Bằng - huyện Krông Pa - tỉnh Gia Lai
"Mưa kèm dông, lốc tại Cà Mau",Lốc,09/09/2021,09/09/2021,xã Khánh An - huyện U Minh - tỉnh Cà Mau
"Dông, lốc tại Cà Mau",Lốc,08/09/2021,09/09/2021,Ấp Nhị Nguyệt - xã Trần Phán - huyện Đầm Dơi - tỉnh Cà Mau
Cơn bão số 5 (Conson),Bão,07/09/2021,12/09/2021,Từ Đà Nẵng đến Quảng Ngãi
Sét tại Quảng Ninh,Sét,05/09/2021,05/09/2021,Xã Hoàng Tân - thị xã Quảng Yên - tỉnh Quảng Ninh
Mưa lớn tại Bắc Kạn,Mưa lớn,03/09/2021,04/09/2021,"Huyện Chợ Đồn; Chợ Mới; Bạch Thông, tỉnh Bắc Kạn"
Mưa lớn kèm dông sét tại Hà Giang,Mưa lớn,03/09/2021,04/09/2021,Huyện Hoàng Su Phì và Bắc Mê - tỉnh Hà Giang
Mưa lớn tại Tây Ninh,Mưa lớn,02/09/2021,07/09/2021,xã Phước Chí - thị xã Tràng Bàng - tỉnh Tây Ninh
Mưa lớn kèm theo sét tại Nghệ An,Sét,02/09/2021,02/09/2021,Bản Mường Lống - xã Tri Lễ - huyện Quế Phong - tỉnh Nghệ An
Mưa lớn tại Thái Nguyên,Mưa lớn,02/09/2021,02/09/2021,Xã Thinh Đức - thành phố Thái Nguyên - tỉnh Thái Nguyên
Sét tại Thái Nguyên,Sét,02/09/2021,02/09/2021,Xã Đào Xá - huyện Phú Bình -  tỉnh Thái Nguyên
Mưa lớn gây lũ tại Bình Thuận,Lũ,30/08/2021,30/08/2021,Xã Phan Sơn - huyện Bắc Bình - tỉnh Bình Thuận
Lũ tại Bình Thuận,Lũ,28/08/2021,29/08/2021,Thị xã La Gi - Tình Bình Thuận
Sạt lở tại An Giang,Sạt lở đất do mưa lũ hoặc dòng chảy,05/08/2021,05/08/2021,Bờ sông rạch Cái Sắn - tổ 16 - khóm Hoà Thạnh - phường Mỹ Thạnh - TP. Long Xuyên - tỉnh An Giang
Mưa kèm theo lốc tại Tây Ninh,Lốc,04/08/2021,04/08/2021,Ấp Long Giao - xã Long Chữ - huyện Bến Cầu - tỉnh Tây Ninh
Mưa dông kèm lốc sét tại Hà Giang,Lốc,03/08/2021,03/08/2021,"xã Kim Linh, Phú Linh, Kim Thạch - huyện Vị Xuyên - tỉnh Hà Giang"
Mưa lớn kèm gió lốc tại Lâm Đồng,Lốc,03/08/2021,03/08/2021,"thị trấn Mađaguôi, Thị trấn Đạ M'ri, Hà Lâm, Phước Lộc, Đạ Tồn"
Mưa kèm theo lốc tại Lào Cai,Lốc,03/08/2021,03/08/2021,"Huyện Si Ma Cai, Mường Khương - tỉnh Lào Cai"
Mưa kèm dông lốc tại Tuyên Quang,Lốc,03/08/2021,03/08/2021,"xã Yên Hoa, Sơn Phú - huyện Na Hang - tỉnh Tuyên Quang"
"Mưa kèm dông, lốc tại Hà Giang",Lốc,03/08/2021,03/08/2021,"xã Đạo Đức, Thượng Sơn, Ngọc Linh, Phong Quang, Lao Chải, Việt Lâm, Kim Linh, TT Vị Xuyên - huyện Vị Xuyên - tỉnh Hà Giang"
"Mưa kèm dông, lốc tại Hà Giang",Lốc,02/08/2021,03/08/2021,"xã Tân Thành, Tân Lập - huyện Bắc Quang - tỉnh Hà Giang"
"Mưa kèm dông, lốc tại Hà Giang",Lốc,02/08/2021,02/08/2021,Phường Ngọc Hà - thành phố Hà Giang - tỉnh Hà Giang
"Mưa kèm dông, lốc tại Hà Giang",Lốc,02/08/2021,02/08/2021,xã Minh Sơn - huyện Bắc Mê - tỉnh Hà Giang
"Mưa kèm dông, lốc tại Hà Giang",Lốc,02/08/2021,02/08/2021,xã Minh Sơn - huyện Bắc Mê - tỉnh Hà Giang
"Mưa kèm dông, lốc tại Hà Giang",Lốc,02/08/2021,02/08/2021,"xã Đản Ván, Nam Sơn, Nậm Ty, Tân Tiền, Pờ Ly Ngài, Bản Phùng, Ngàm Đăng Vài, TT Vinh Quang - huyện Hoàng Su Phì - tỉnh Hà Giang"
"Mưa kèm dông, lốc tại Hà Giang",Lốc,02/08/2021,02/08/2021,"xã Quảng Nguyên, xã Trung Thịnh, xã Cốc Rế, xã Thu Tà, xã Bản Ngò - huyện Xín Mần - tỉnh Hà Giang"
Sét tại Hà Giang,Sét,02/08/2021,02/08/2021,xã Minh Ngọc - huyện Bắc Mê - tỉnh Hà Giang
Sụt lún đất tại An Giang,Sụt lún đất do mưa lũ hoặc dòng chảy,02/08/2021,02/08/2021,Phường Long Sơn - thị xã Tân Châu - tỉnh An Giang
Dông lốc kèm mưa tại Cao Bằng,"Mưa dông kèm theo lốc, sét và mưa đá",02/08/2021,02/08/2021,"huyện Bảo Lạc, Hòa An, Nguyên Bình, Hà Quảng, Trùng Khánh - tỉnh Cao Bằng"
Ngập lụt tại Bắc Kạn,Ngập lụt,01/08/2021,01/08/2021,Huyện Chợ Đồn - Tỉnh Bắc Kạn
Ngập lụt tại Bắc Kạn,Ngập lụt,01/08/2021,01/08/2021,Thành phố Bắc Kạn - Tỉnh Bắc Kạn
Sét lại Bắc Kạn,Sét,01/08/2021,01/08/2021,Xã Thanh Mai - Huyện Chợ Mới - Tỉnh bắc Kạn
Sạt lở đất tại Bắc Kạn,Sạt lở đất do mưa lũ hoặc dòng chảy,01/08/2021,01/08/2021,Huyện Bạch Thông - tỉnh Bắc Kạn
Sạt lở đất tại Bắc Kạn,Sạt lở đất do mưa lũ hoặc dòng chảy,01/08/2021,01/08/2021,Huyện Pác Nặm - Tỉnh Bắc Kạn
Sét tại Bắc Kạn,Sét,01/08/2021,01/08/2021,Xã Sỹ Bình - Huyện Bạch Thông - Tỉnh Bắc Kạn
Mưa lớn kèm theo lốc xoáy tại Bình Thuận,Lốc,31/07/2021,31/07/2021,xã Nam Chính - huyện Đức Linh - tỉnh Bình Thuận
Lốc tại Lào Cai,Lốc,31/07/2021,01/08/2021,Huyện Văn Bàn - Tỉnh Lào Cai
Lốc tại Yên Bái,Lốc,31/07/2021,01/08/2021,Thị xã Nghĩa Lộ - Tỉnh Yên Bái
Lốc tại Yên Bái,Lốc,31/07/2021,01/08/2021,Huyện Văn Chấn - Tỉnh Yên Bái
Lốc tại Tuyên Quang,Bão,31/07/2021,01/08/2021,Huyện Sơn Dương - Tỉnh Tuyên Quang
Lốc tại Tuyên Quang,Lốc,31/07/2021,01/08/2021,Huyện Yên Sơn - Tỉnh Quyên Quang
Lốc tại Tuyên Quang,Lốc,31/07/2021,01/08/2021,Huyện Chiêm Hoá - Tỉnh Tuyên Quang
Lốc tại Lào Cai,Lốc,31/07/2021,01/08/2021,Thành Phố Lào Cai - Tỉnh Lào Cai
Lốc tại Lào Cai,Lốc,31/07/2021,01/08/2021,Thành Phố Lào Cai - Tỉnh Lào Cai
Lốc tại Lào Cai,Lốc,31/07/2021,01/08/2021,Huyện Bát Xát - Tỉnh Lào Cai
Lốc tại Lào Cai,Lốc,31/07/2021,01/08/2021,Huyện Văn Bàn - Tỉnh Lào Cai
Lốc tại Yên Bái,Lốc,31/07/2021,01/08/2021,Thị xã Nghĩa Lộ - Tỉnh Yên Bái
Lốc tại Yên Bái,Lốc,31/07/2021,01/08/2021,Huyện Văn Chấn - Tỉnh Yên Bái
Mưa lớn kèm theo lốc xoáy tại Bình Thuận,Lốc,31/07/2021,31/07/2021,xã Nam Chính - huyện Đức Linh - tỉnh Bình Thuận
Lốc tại Cà Mau,Lốc,30/07/2021,30/07/2021,Ấp Vườn Tre - xã Khánh Lộc - huyện Trần Văn Thời - tỉnh Cà Mau
Dông lốc tại Cà Mau,Lốc,30/07/2021,30/07/2021,xã Khánh Bình Tây Bắc - huyện Trần Văn Thời - tỉnh Cà mau
Lốc tại Hậu Giang,Lốc,29/07/2021,29/07/2021,Ấp 4 - xã Vĩnh Thuận Tây- huyện Vị Thủy - tỉnh Hậu Giang
Lốc tại Hậu Giang,Bão,29/07/2021,29/07/2021,Xã Vĩnh Thuận Đông - huyện Long Mỹ - tỉnh Hậu Giang
Lốc tại Hậu Giang,Lốc,29/07/2021,29/07/2021,Ấp Đông An A - xã Đại Thành - thành phố Ngã Bảy - tỉnh Hậu Giang
Lốc tại Hậu Giang,Lốc,29/07/2021,29/07/2021,Ấp Đông An 2 - xã Tân Thành - thành phố Ngã Bảy - tỉnh Hậu Giang
Lốc tại Sóc Trăng,Lốc,29/07/2021,31/07/2021,"Xã Tham Đôn, Hòa Tú - huyện Mỹ Xuyên - tỉnh Sóc Trăng"
Lốc tại Sóc Trăng,Lốc,29/07/2021,31/07/2021,"Xã Long Hưng, Mỹ Phước, Phú Mỹ - huyện Mỹ Tú - tỉnh Sóc Trăng"
Lốc tại Sóc Trăng,Lốc,29/07/2021,31/07/2021,Xã Tài Văn - huyện Trần Đề - tỉnh Sóc Trăng
Lốc tại Cà Mau,Lốc,29/07/2021,29/07/2021,"Xã Tân Đức, Tân Tiến - huyện Đầm Dơi - tỉnh Cà Mau"
Lốc tại Tây Ninh,Lốc,29/07/2021,29/07/2021,"Xã Trí Bình, Phước Vinh - huyện Châu Thành - tỉnh Tây Ninh"
Lốc tại Cà Mau,Lốc,29/07/2021,29/07/2021,Ấp Nam Chánh - xã Tân Dân - huyện Đầm Dơi - tỉnh Cà Mau
Lốc tại Tây Ninh,Lốc,29/07/2021,29/07/2021,"Ấp Bùng Binh, xã Hưng Thuận - Thị xã Tràng Bảng - tỉnh Tây Ninh"
Lốc tại Hậu Giang,Lốc,28/07/2021,28/07/2021,Xã Hoả Tiễn - Thành phố Vị Thanh - Tỉnh Hậu Giang
Lốc tại Hậu Giang,Lốc,28/07/2021,28/07/2021,Xã Hoả Tiễn - Thành phố Vị Thanh - Tỉnh Hậu Giang
"Mưa lớn, gió lốc tại Vĩnh Long",Lốc,27/07/2021,27/07/2021,"Huyện Tam Bình, Long Hồ, Trà Ôn, Bình Tân, Mang Thít, TX. Bình Minh, TP. Vĩnh Long - tỉnh Vĩnh Long"
Sụt lún tại An Giang,Sạt lở đất do mưa lũ hoặc dòng chảy,27/07/2021,27/07/2021,Kênh 10 Châu Phú - thị trấn Cái Dầu - huyện Châu Phú - tỉnh An Giang
"Mưa lớn kèm dông, lốc tại An Giang",Lốc,27/07/2021,27/07/2021,"Huyện Châu Phú, Tịnh Biên, Thoại Sơn, Chợ Mới, TP. Long Xuyên, TP. Châu Đốc, TX. Tân Châu - tỉnh An Giang"
Lốc tại huyện Châu Thành - Tỉnh Đồng Tháp,Lốc,27/07/2021,27/07/2021,"Xã Hoà Tân, An Phú Thuận, Phú Long, Tân Bình, An Nhơn - Huyện Châu Thành - Tỉnh Đồng Tháp"
Lốc tại Thành Phố Sa Đéc,Lốc,27/07/2021,27/07/2021,"Xã Tân Khánh Đông, Tân Phú Đông, Phường 3 - Tp Sa Đéc - Tỉnh Đồng Tháp"
Lốc tại huyện Lai Vung - Tỉnh Đồng Tháp,Lốc,27/07/2021,27/07/2021,Xã Long Thắng và Tân Phước - Huyện Lai Vung - Tỉnh Đồng Tháp
Lốc tại huyện Tháp Mười - Tỉnh Đồng Tháp,Lốc,27/07/2021,27/07/2021,Huyện Tháp Mười - Tỉnh Đồng Tháp
Lốc tại huyện Tịnh Biên - Tỉnh An Giang,Lốc,27/07/2021,27/07/2021,Xã Vĩnh Trung - Huyện Tịnh Biên - Tỉnh An Giang
Lốc tại Thành phố Cao Lãnh - Tỉnh Đồng Tháp,Lốc,27/07/2021,27/07/2021,Xã Mỹ Trà - Thành phố Cao Lãnh - Tỉnh Đồng Tháp
Lốc tại huyện Lấp Vò - Tỉnh Đồng Tháp,Lốc,27/07/2021,27/07/2021,"Xã Định Yên, Mỹ An Hưng B, Tân Khánh Trung, Định An, Bình Thạnh Trung, Vĩnh Thạnh, Mỹ An Hưng A, Hội An Dông - huyện Lấp Vò - Tỉnh Đồng Tháp"
Lốc tại Thành phố Châu Đốc - Tỉnh An Giang,Lốc,27/07/2021,27/07/2021,Phường Vĩnh Ngươn - Thành phố Châu Đốc - Tỉnh An Giang
Sạt lở đất tại Cà Mau,Sạt lở đất do mưa lũ hoặc dòng chảy,27/07/2021,27/07/2021,Xã Hàm Rồng - Huyện Năm Căn - Tỉnh Cà Mau
Lốc tại Long An,Lốc,27/07/2021,27/07/2021,Xã Thạnh Phú - huyện Thạnh Hoá - tỉnh Long An
Lốc tại Long An,Lốc,27/07/2021,27/07/2021,Huyện Tân Thạnh - tỉnh Long An
Lốc tại Hậu Giang,Lốc,27/07/2021,27/07/2021,Xã Vĩnh Thuận Đông - huyện Long Mỹ - tỉnh Hậu Giang
Sạt lở đất tại Cà Mau,Sạt lở đất do mưa lũ hoặc dòng chảy,26/07/2021,26/07/2021,Ấp Thanh Tùng - xã Thanh Tùng - huyện Đầm Dơi - tỉnh Cà Mau
Lốc tại Cà Mau,Lốc,26/07/2021,26/07/2021,Xã Hiệp Tùng - huyện Năm Căn - tỉnh Cà Mau
Sạt lở đất tại Cà Mau,Sạt lở đất do mưa lũ hoặc dòng chảy,26/07/2021,26/07/2021,Xã Tam Giang Tây - huyện Ngọc Hiển - tỉnh Cà Mau
Mưa lớn tại Nghệ An,Mưa lớn,25/07/2021,27/07/2021,Huyện Quế Phong - Tỉnh Nghệ An
Mưa lớn tại Nghệ An,Mưa lớn,25/07/2021,27/07/2021,Huyện Quế Phong - Tỉnh Nghệ An
Mưa kết hợp lốc xoáy tại Bình Thuận,Mưa lớn,25/07/2021,25/07/2021,xã Suối Kiết - huyện Tánh Linh - tỉnh Bình Thuận
Mưa kèm lốc tại Bình Thuận,"Mưa dông kèm theo lốc, sét và mưa đá",25/07/2021,25/07/2021,"thị trấn Lạc Tánh, huyện Tánh Linh, tỉnh Bình Thuận"
Mưa lớn kèm theo dông lốc tại Hậu Giang,Mưa lớn,25/07/2021,25/07/2021,"Thị trấn Bảy Ngàn, thị trấn Cái Tắc, xã Nhơn Nghĩa A, xã Trường Long A - huyện Châu Thành A - tỉnh Hậu Giang"
Mưa lớn kèm dông lốc tại Hậu Giang.,Mưa lớn,25/07/2021,27/07/2021,khu vực 5 - phường 5 - thành phố Vị Thanh - tỉnh Hậu Giang
"Sạt lở đất tại Đầm Dơi, Cà Mau",Sạt lở đất do mưa lũ hoặc dòng chảy,25/07/2021,25/07/2021,"Xã Tân Tiến, huyện Đầm Dơi, tỉnh Cà Mau"
Lốc tại Sóc Trăng,Lốc,25/07/2021,29/07/2021,"Xã Gia Hoà1, Gia Hoà 2, Tham Đôn, Gia Hoà, Hoà Tú - huyện Mỹ Xuyên - tỉnh Sóc Trăng"
Lốc tại Sóc Trăng,Lốc,25/07/2021,29/07/2021,"Xã Lạc Hoà, Phường 2, Vĩnh Hải, Khánh Hoà, Vĩnh Tân - thị xã Vĩnh Châu - tỉnh Sóc Trăng"
Lốc tại Sóc Trăng,Bão,25/07/2021,29/07/2021,"Xã Vĩnh Qưới, Phường 2, phường 3, Vĩnh Qưới, Long Bình, Mỹ Bình - huyện Ngã Năm - tỉnh Sóc Trăng"
Sét tại Nghệ An,Sét,25/07/2021,27/07/2021,Huyện Quế Phong - Tỉnh Nghệ An
Lốc xoáy tại Cà Mau,Lốc,24/07/2021,24/07/2021,"xã Tân Lộc Bắc, huyện Thới Bình, tỉnh Cà Mau"
Lốc tại Cà Mau,Lốc,24/07/2021,24/07/2021,Xã Khánh Lộc - huyện Trần Văn Thời - tỉnh Cà Mau
Mưa lớn kèm theo gió mạnh tại tỉnh Gia Lai,Mưa lớn,24/07/2021,24/07/2021,Phường Ia Kring và phường Hội Thương - thành phố Pleiku - tỉnh Gia Lai
Mưa kèm theo gió lốc tại Gia Lai,Mưa lớn,24/07/2021,24/07/2021,"xã Đăk Kơ Ninh, xã Chư Krey, xã Đăk Pling - huyện Krông Chro - tỉnh Gia Lai"
Sạt lở đất ven sông tỉnh Cà Mau,Sạt lở đất do mưa lũ hoặc dòng chảy,24/07/2021,24/07/2021,sông Cửa Lớn thuộc ấp Tân Tạo - xã Tam Giang Tây - huyện Ngọc Hiển - tỉnh Cà Mau
Sạt lở đất ven sông tỉnh Cà Mau,Sạt lở đất do mưa lũ hoặc dòng chảy,23/07/2021,23/07/2021,sông Đường Kéo - ấp Dinh Củ - xã Tam Giang Tây - huyện Ngọc Hiển - tỉnh Cà Mau
Mưa lớn cục bộ tại Lào Cai,Mưa lớn,22/07/2021,23/07/2021,"Xã Sán Chải, xã Nàn Sán, thị trấn Si Ma Cai, xã Thào Chư Phìn - huyện Si Ma Cai - tỉnh Lào Cai"
Lốc xoáy tại TIền Giang,Lốc,22/07/2021,22/07/2021,Xã Phú Đông - huyện Tân Phú Đông - tỉnh Tiền Giang
"Mưa kèm dông, lốc, sét tại Hà Giang","Mưa dông kèm theo lốc, sét và mưa đá",21/07/2021,22/07/2021,"Xã Kim Ngọc, Nà Chì, Xín Mần, Nàn Xỉn - Huyện Bắc Quang, Xín Mần - Tỉnh Hà Giang"
Lốc tại Cà Mau,Lốc,21/07/2021,21/07/2021,"Xã Khánh Thuận, Khành Lâm, Nguyễn Phích - Huyện U Minh - Tỉnh Cà Mau"
"Mưa kèm dông, lốc, sét tại Hà Giang","Mưa dông kèm theo lốc, sét và mưa đá",21/07/2021,22/07/2021,"Xã Kim Ngọc, Nà Chì, Xín Mần, Nàn Xỉn - Huyện Bắc Quang, Xín Mần - Tỉnh Hà Giang"
Dông lốc tại Hậu Giang,Lốc,21/07/2021,21/07/2021,Xã Vĩnh Tường - huyện Vị Thủy - tỉnh Hậu Giang
Dông lốc tại Hậu Giang,Lốc,21/07/2021,21/07/2021,Xã Tân Phú Thạnh - huyện Châu Thành A - tỉnh Hậu Giang
Mưa kéo dài tại Điện Biên,Mưa lớn,20/07/2021,23/07/2021,"huyện Tuần Giáo, huyện Tủa Chùa, huyện Mường Nhé - tỉnh Điện Biên"
Mưa lớn tại Vĩnh Long,Mưa lớn,20/07/2021,23/07/2021,"Huyện Trà Ôn, Long Hồ, Tam Bình, thị xã Bình Minh - tỉnh Vĩnh Long"
Sét tại Lào Cai,Sét,20/07/2021,20/07/2021,Xã Bảo Hà - huyện Bảo Yên - tỉnh Lào Cai
Dông lốc tại Tây Ninh,Lốc,19/07/2021,19/07/2021,"Thị xã Hoà Thành, thị xã Trảng Bàng, các huyện: Châu Thành, Gò Dầu, Bến Cầu, Dương Minh Châu - tỉnh Tây Ninh"
Mưa lũ tại Sơn La,Bão,19/07/2021,19/07/2021,Xã Nà Bó - huyện Mai Sơn - tỉnh Sơn La
Mưa kèm lốc tại Tây Ninh,Lốc,18/07/2021,18/07/2021,"Xã Tiên Thuận, Lợi Nhuận - huyện Bến Cầu - Tỉnh Tây Ninh"
Mưa lớn kèm dông tại An Giang,Lốc,18/07/2021,18/07/2021,Ấp Quốc Khánh - xã Quốc Thái và ấp Thạnh Phú - xã Khánh An - huyện An Phú - tỉnh An Giang
Sạt lở đất tại An Giang,Sạt lở đất do mưa lũ hoặc dòng chảy,18/07/2021,18/07/2021,Xã Mỹ Phú - huyện Châu Phú - tỉnh An Giang
Mưa gây ngập lụt tại Lào Cai,Ngập lụt,17/07/2021,20/07/2021,"Xã Phong Niên - huyện Bảo Thắng và xã Bảo Nhai, UBND xã Tả Củ Tỷ, xã Cốc Lầu - huyện Bắc Hà - tỉnh Lào Cai"
Ngập lụt tại Lào Cai,Ngập lụt,17/07/2021,18/07/2021,Xã Bảo Nhai - Huyện Bắc Hà - Tỉnh Lào Cai
Mưa lớn tại Lào Cai,Bão,17/07/2021,18/07/2021,Xã Tả Thàng - huyện Mường Khương - Tỉnh Lào Cai
Lốc tại Cà Mau,Lốc,17/07/2021,18/07/2021,"Xã Nguyễn Phích, Khánh Thuận, Khánh Tiến, Khánh Hoà và thị trấn U Minh - huyện U Minh - tỉnh Cà Mau"
Sạt lở tại An Giang,Sạt lở đất do mưa lũ hoặc dòng chảy,17/07/2021,18/07/2021,Bờ Bắc Vịnh Tre - Xã Mỹ Phú - Huyện Châu Phú - Tỉnh An Giang
Cơn bão số 3 - KEMPAKA,Bão,16/07/2021,25/07/2021,Vùng biển Nam Vịnh Bắc Bộ
Sạt lở đất tại Cà Mau,Sạt lở đất do mưa lũ hoặc dòng chảy,16/07/2021,16/07/2021,Ấp Tân Hiệp - xã Tân Dân - huyện Đầm Dơi - tỉnh Cà Mau
Ngập lụt tại Tây Ninh,Ngập lụt,15/07/2021,16/07/2021,Xã Tân Đông - huyện Tân Châu - tỉnh Tây Ninh
Ngập lụt tại Bình Thuận,Ngập lụt,15/07/2021,15/07/2021,"Huyện Đức Linh, Hàm Thuận Nam - tỉnh Bình Thuận"
Ngập lụt tại Tây Ninh,Ngập lụt,15/07/2021,16/07/2021,Xã Tân Đông - huyện Tân Châu - tỉnh Tây Ninh
Ngập lụt tại Bình Thuận,Ngập lụt,15/07/2021,15/07/2021,"7 xã Hàm Phú, Hồng Sơn, Thuận Minh, Hàm Hiệp, Hàm Thắng, Hàm Chính, Hàm Trí - huyện Hàm Thuận Bắc- tỉnh Bình Thuận"
Mưa lớn tại Lào Cai,Mưa lớn,14/07/2021,15/07/2021,"Huyện Bảo Thắng, Bắc Hà, thị xã Sa Pa và thành phố Lào Cai, tỉnh Lào Cai"
Ngập lụt tại Lào Cai,Ngập lụt,14/07/2021,15/07/2021,"Huyện Bảo Thắng, Bắc Hà, thị xã Sa Pa và thành phố Lào Cai - tỉnh Lào Cai"
Sét tại Hà Giang,Sét,13/07/2021,14/07/2021,Xã Chế Là - huyện Xín Mần - tỉnh Hà Giang
Mưa kèm theo lốc tại Tây Ninh,Lốc,12/07/2021,12/07/2021,Xã Biên Giới - huyện Châu Thành - tỉnh Tây Ninh
Mưa kèm theo lốc tại Tây Ninh,Lốc,11/07/2021,11/07/2021,"Xã Bàu Đồn, huyện Gò Dầu, tỉnh Tây Ninh"
Sạt lở đất tại Cà Mau,Sạt lở đất do mưa lũ hoặc dòng chảy,11/07/2021,11/07/2021,Ấp Phú Hiệp A - xã Thanh Tùng - huyện Đầm Dơi - tỉnh Cà Mau
Mưa kèm lốc xoáy tại Cà Mau,Lốc,09/07/2021,09/07/2021,Ấp Ba Nhất - xã Tam Giang Tây - huyện Ngọc Hiển - tỉnh Cà Mau
Lũ tại Lâm Đồng,Lũ,08/07/2021,09/07/2021,"Huyện Lâm Hà, Đức Trọng - tỉnh Lâm Đồng"
Ngập lụt tại Lào Cai,Ngập lụt,08/07/2021,09/07/2021,huyện Văn Bàn tỉnh Lào Cai
"Dông, Lốc xoáy tại Cà Mau",Lốc,08/07/2021,08/07/2021,"Tuyến kinh xáng Cái Ngay – Hàm Rồng đến Hàm Vịnh, xã Hàm Rồng, huyện Năm Căn, tỉnh Cà Mau"
"Dông, lốc tại Cà Mau",Lốc,08/07/2021,08/07/2021,Ấp Tân Phước - xã Tân Đức - huyện Đầm Dơi - tỉnh Cà Mau
Sạt lở đất tại Cà Mau,Sạt lở đất do mưa lũ hoặc dòng chảy,08/07/2021,08/07/2021,"Ấp Cái Nai, xã Hàm Rồng, huyện Năm Căn, tỉnh Cà Mau"
"Mưa, dông lốc tại An Giang",Lốc,07/07/2021,07/07/2021,Khóm Vĩnh Hưng - Thị trấn Vĩnh Thạnh - huyện Châu Phú - tỉnh An Giang
Mưa dông tại Cà Mau,Lốc,06/07/2021,06/07/2021,Ấp Chống Mỹ - xã Khánh Bình - huyện Trần Văn Thời - Tỉnh Cà Mau
Sạt lở tại Cà Mau,Sạt lở đất do mưa lũ hoặc dòng chảy,06/07/2021,06/07/2021,Xã Tân Thuận - huyện Đầm Dơi - tỉnh Cà Mau
Lũ tại Sơn La,Lũ,06/07/2021,07/07/2021,Đội 3 - Xã Chiềng Khoong - Huyện Sông Mã - Tỉnh Sơn La
Áp thấp nhiệt đới trên khu vực Bắc Biển Đông,Áp thấp nhiệt đới,05/07/2021,06/07/2021,Vùng biển phía Đông Bắc của khu vực Bắc Biển Đông
Mưa lớn tại Hà Giang,Mưa lớn,05/07/2021,05/07/2021,"Thị trấn Đồng Văn - huyện Đồng Văn, xã Linh Hồ - huyện Vị Xuyên, xã Minh Ngọc - huyện Bắc Mê - Tỉnh Hà Giang"
Sạt lở đất ở Cao Bằng,Sạt lở đất do mưa lũ hoặc dòng chảy,05/07/2021,05/07/2021,Xã Kim Cúc - huyện Bảo Lạc - tỉnh Cao Bằng
Mưa đá tại Bình Dương,Mưa đá,04/07/2021,04/07/2021,"Phường Tân Phước Khánh, Thái Hoà, Thạnh Phước - Thị xã Tân Uyên, Bình Dương"
Áp thấp nhiệt đới trên khu vực biển Đông,Áp thấp nhiệt đới,04/07/2021,08/07/2021,"Thái Bình, Nam Định, Ninh Bình, Thanh Hoá"
Ngập lụt tại Lào Cai,Ngập lụt,04/07/2021,05/07/2021,"Phường Bắc Cường, Bình Minh, Nam Cường, Duyên Hải - Thành phố Lào Cai - tỉnh Lào Cai"
"Dông, lốc tại Gia Lai",Lốc,04/07/2021,04/07/2021,"Xã Yang Trung, thị trấn Kông Chro - huyện Kông Chro - tỉnh Gia Lai"
Lốc tại Tiền Giang,Lốc,04/07/2021,04/07/2021,"Huyện Cái Bè, Cai Lậy, Chợ Gạo và thành phố Mỹ Tho - tỉnh Tiền Giang"
Sạt lở đất tại Lâm Đồng,Sạt lở đất do mưa lũ hoặc dòng chảy,04/07/2021,04/07/2021,số 9 - đường 3/4 - phường 3 - thành phố Đà Lạt- tỉnh Lâm Đồng
Sét tại Lào Cai,Sét,04/07/2021,05/07/2021,Xã Tả Van Chư - huyện Bắc Hà - tỉnh Lào Cai
"Mưa kèm dông lốc, huyện La Gi, Bình Thuận","Mưa dông kèm theo lốc, sét và mưa đá",03/07/2021,03/07/2021,"Xã Tân Hải, Thị xã La Gi, tỉnh Bình Thuận"
"Mưa kèm dông lốc huyện Hàm Thuận Nam, Bình Thuận","Mưa dông kèm theo lốc, sét và mưa đá",03/07/2021,03/07/2021,"Các xã Hàm Cần, Hàm Thạnh, Hàm Mỹ, Hàm Minh, Tân Thuận và thị trấn Thuận Nam - huyện Hàm Thuận Nam"
"Mưa kèm dông lốc huyện Hàm Thuận Bắc, Bình Thuận","Mưa dông kèm theo lốc, sét và mưa đá",03/07/2021,03/07/2021,"Xã Hàm Hiệp, huyện Hàm Thuận Bắc, tỉnh Bình Thuận"
"Mưa lớn, mưa đá, lốc tại Lâm Đồng","Mưa dông kèm theo lốc, sét và mưa đá",03/07/2021,04/07/2021,"Huyện Đơn Dương, Lâm Hà, thành phố Đà Lạt - tỉnh Lâm Đồng"
Lốc tại Tây Ninh,Lốc,03/07/2021,03/07/2021,Phường An Hoà - thị xã Trảng Bàng - tỉnh Tây Ninh
"Mưa, lốc tại Tây Ninh","Mưa dông kèm theo lốc, sét và mưa đá",30/06/2021,30/06/2021,"Xã Tiên Thuận, xã Thạnh Đức - Huyện Bến Cầu, Gò Dầu - Tỉnh Tây Ninh"
Sạt lở đất ở Cà Mau,Sạt lở đất do mưa lũ hoặc dòng chảy,29/06/2021,29/06/2021,Xã Đất Mũi - huyện Ngọc Hiển - tỉnh Cà Mau
Sạt lở ở Cà Mau,Sạt lở đất do mưa lũ hoặc dòng chảy,27/06/2021,27/06/2021,Ấp Hố Gùi - xã Tam Giang Đông - huyện Năm Căn - tỉnh Cà Mau
Mưa dông tại Hà Nội,"Mưa dông kèm theo lốc, sét và mưa đá",26/06/2021,26/06/2021,"Quận Hai Bà Trưng, Thanh Xuân, Tây Hồ, Hoàn Kiếm - TP. Hà Nội"
Sạt lở đất tại Long An,Sạt lở đất do mưa lũ hoặc dòng chảy,26/06/2021,26/06/2021,Ấp 1 - xã Phước Tân Hưng - huyện Châu Thành - tỉnh Long An
Sạt lở đất ở Cà Mau,Sạt lở đất do mưa lũ hoặc dòng chảy,26/06/2021,26/06/2021,Ấp Hải An - xã Nguyễn Huân - huyện Đầm Dơi - tỉnh Cà Mau
Sạt lở đất tại Cà Mau,Sạt lở đất do mưa lũ hoặc dòng chảy,24/06/2021,24/06/2021,Ấp 4 - xã Hiệp Tùng - huyện Năm Căn - tỉnh Cà Mau
Mưa kèm sét tại Thái Nguyên,Sét,24/06/2021,24/06/2021,Huyện Phú Bình - tỉnh Thái Nguyên
"Mưa, lũ tại Bắc Kạn",Mưa lớn,23/06/2021,24/06/2021,"Các huyện Pác Nặm, Ba Bể, Ngân Sơn - tỉnh Bắc Kạn"
Mưa lớn tại Cao Bằng,Mưa lớn,23/06/2021,23/06/2021,"Xã Hoa Thám, Tam Nghi và thị trấn Nguyên Bình - Huyện Nguyên Bình - Tỉnh Cao Bằng"
Mưa lớn tại Hà Nội,Mưa lớn,22/06/2021,23/06/2021,Thành phố Hà Nội
Mưa lớn tại Sơn La,Mưa lớn,22/06/2021,23/06/2021,Xã Chiềng Muôn - Huyện Mường La và Bắc Yên - Tỉnh Sơn La
"Mưa dông, sét tại Phú Thọ","Mưa dông kèm theo lốc, sét và mưa đá",22/06/2021,22/06/2021,"Các huyện Cẩm Khê, Tân Sơn, Tam Nông - tỉnh Phú Thọ"
Lũ quét tại Bình Thuận,Lũ quét,20/06/2021,20/06/2021,Trên sông Tà Là Ngầu và sông Tà Mỹ - xã La Ngâu - huyện Tánh Linh - tỉnh Bình Thuận
Lốc tại Tây Ninh,Lốc,20/06/2021,20/06/2021,Thị xã Trảng Bàng - tỉnh Tây Ninh
Mưa lớn kèm lốc xoáy tại Bình Thuận,"Mưa dông kèm theo lốc, sét và mưa đá",19/06/2021,19/06/2021,Thị trấn Lạc Tánh - huyện Tánh Linh - tỉnh Bình Thuận
"Dông, lốc tại Long An",Lốc,19/06/2021,19/06/2021,"Các xã Nhựt Ninh, Đức Tân - huyện Tân Trụ - tỉnh Long An"
Mưa đá kèm lốc xoáy tại Đắk Nông,"Mưa dông kèm theo lốc, sét và mưa đá",18/06/2021,18/06/2021,"Xã Quảng Tín, Đắk Sin - Huyện Đắk R'Lấp - Tỉnh Đắk Nông"
Sạt lở tuyến đê tại An Giang,Sạt lở đất do mưa lũ hoặc dòng chảy,16/06/2021,16/06/2021,Đê sông Hào Đề lớn - ấp Mỹ Phước - xã Mỹ Phú - huyện Châu Phú - tỉnh An Giang
Sạt lở đất tại Cà Mau,Sạt lở đất do mưa lũ hoặc dòng chảy,16/06/2021,16/06/2021,Ven sông Khâu Mét - ấp Tân Phong - xã Tạ An Khương Đông - huyện Đầm Dơi - tỉnh Cà Mau
Sạt lở đất tại Cà Mau,Sạt lở đất do mưa lũ hoặc dòng chảy,15/06/2021,15/06/2021,Ven sông Ô Rô - ấp Khai Long - xã Đất Mũi - huyện Ngọc Hiển - tỉnh Cà Mau
Sạt lở bờ kênh tỉnh An Giang,Sạt lở đất do mưa lũ hoặc dòng chảy,15/06/2021,15/06/2021,Bờ Bắc kênh Cái Sắn - khóm Thới Thạnh - phường Mỹ Thạnh - thành phố Long Xuyên - tỉnh An Giang
Sạt lở đất tại Cà Mau,Sạt lở đất do mưa lũ hoặc dòng chảy,15/06/2021,15/06/2021,Ven sông Trại Lưới - ấp Xẻo Sao - xã Lâm Hải - huyện Năm Căn - tỉnh Cà Mau
Dông lốc tại Cà Mau,Lốc,14/06/2021,14/06/2021,Ấp Ông Linh và ấp Bà Khuê - xã Viên An Đồng - huyện Ngọc Hiển - tỉnh Cà Mau
"Dông, lốc tại Cà Mau",Lốc,13/06/2021,13/06/2021,Ấp Chống Mỹ - xã Hàm Rồng - huyện Năm Căn - tỉnh Cà Mau
"Dông, lốc tại Cà Mau",Lốc,13/06/2021,13/06/2021,Ấp 7 - thị trấn Năm Căn - huyện Năm Căn - tỉnh Cà Mau
Sạt lở đất tại Cà Mau,Sạt lở đất do mưa lũ hoặc dòng chảy,13/06/2021,13/06/2021,Ấp 7 - thị trấn Năm Căn - huyện Năm Căn - tỉnh Cà Mau
Mưa dông và sạt lở đất tại Yên Bái,"Mưa dông kèm theo lốc, sét và mưa đá",13/06/2021,14/06/2021,"Huyện Văn Yên, Trấn Yên, Trạm Tấu - Tỉnh Yên Bái"
"Dông, lốc tại An Giang",Lốc,13/06/2021,13/06/2021,Ấp Hòa Bình 3 và ấp Hòa An - xã Hòa Lạc - huyện Phú Tân - tỉnh An Giang
Sạt lở đất tại tỉnh Cà Mau,Sạt lở đất do mưa lũ hoặc dòng chảy,13/06/2021,13/06/2021,Ấp Cái Hoãng - xã Đất Mũi - huyện Ngọc Hiển - tỉnh Cà Mau
Sạt lở đất tại Cà Mau,Sạt lở đất do mưa lũ hoặc dòng chảy,12/06/2021,12/06/2021,Tuyến sông Kinh 17 - ấp Nhà Hội - xã Tam Giang - huyện Năm Căn - tỉnh Cà Mau
Lốc tại Hà Nam,Lốc,12/06/2021,12/06/2021,Xã An Ninh - huyện Bình Lục - tỉnh Hà Nam
"Dông, lốc tại Thái Bình",Lốc,12/06/2021,12/06/2021,Xã An Vũ - huyện Quỳnh Phụ - tỉnh Thái Bình
"Dông, lốc tại Cà Mau",Lốc,11/06/2021,12/06/2021,"Huyện Cái Nước, Năm Căn, Ngọc Hiển, Phú Tân và Trần Văn Thời - Tỉnh Cà Mau"
Sạt lở đất tại Lào Cai,Sạt lở đất do mưa lũ hoặc dòng chảy,11/06/2021,11/06/2021,"Bản bông 3, xã Bảo Hà, huyện Bảo Yên, tỉnh Lào Cai"
Sạt lở đất tại An Giang,Sạt lở đất do mưa lũ hoặc dòng chảy,11/06/2021,11/06/2021,"Bờ Bắc kênh 10 Châu Phú, thị trấn Vĩnh Thạnh Trung, huyện Châu Phú, tỉnh An Giang (đối diện với điểm phụ Trường Tiểu học “B” thị trấn Cái Dầu)"
Mưa kèm theo lốc tại tỉnh Tây Ninh,Lốc,11/06/2021,11/06/2021,Thị xã Trảng Bàng - tỉnh Tây Ninh
Cơn bão số 2 (Koguma),Bão,10/06/2021,13/06/2021,Vùng biển phía Đông quần đảo Hoàng Sa
Sạt lở tại Yên Bái,Sạt lở đất do mưa lũ hoặc dòng chảy,10/06/2021,10/06/2021,Thôn Đồng Quẻ - xã Minh An - huyện Văn Chấn - tỉnh Yên Bái
Sạt lở tại Hậu Giang,Sạt lở đất do mưa lũ hoặc dòng chảy,09/06/2021,09/06/2021,Kênh Mái Dầm - ấp Đông Sơn - xã Đông Phước - huyện Châu Thành - tỉnh Hậu Giang
"Mưa lớn kèm theo dông, lốc  tại An Giang",Lốc,09/06/2021,09/06/2021,Xã Phú Hữu - huyện An Phú - tỉnh An Giang
Sạt lở đất tại Hậu Giang,Sạt lở đất do mưa lũ hoặc dòng chảy,09/06/2021,09/06/2021,Kênh Cái Muồng - ấp Phước Thuận - thị trấn Ngã Sáu - huyện Châu Thành - tỉnh Hậu Giang
Sạt lở đá tại Nghệ An,Sạt lở đất do mưa lũ hoặc dòng chảy,08/06/2021,08/06/2021,Xã Tam Hợp - huyện Tương Dương - tỉnh Nghệ An
Mưa dông kèm gió lốc tại Đăk Lắk,Lốc,08/06/2021,08/06/2021,Xã Cư Kbang - huyện Ea Súp - Tỉnh Đắk Lắk
Sạt lở đất ven sông tại Cà Mau,Sạt lở đất do mưa lũ hoặc dòng chảy,08/06/2021,08/06/2021,
"Mưa lớn kèm dông, lốc xoáy tại An Giang","Mưa dông kèm theo lốc, sét và mưa đá",08/06/2021,08/06/2021,Xã Quốc Thái và Vĩnh Trường - huyện An Phú - tỉnh An Giang
"Dông, lốc tại Cà Mau",Lốc,08/06/2021,08/06/2021,
Lốc tại Tiền Giang,Lốc,08/06/2021,08/06/2021,Xã Tân Hưng và Mỹ Đức Đông - huyện Cái Bè - tỉnh Tiền Giang
"Dông, sét tại Quảng Ngãi",Sét,07/06/2021,07/06/2021,Xã Nghĩa Thuận - huyện Tư Nghĩa - tỉnh Quảng Ngãi
"Mưa lớn kèm dông, lốc tại Đồng Tháp",Mưa lớn,06/06/2021,06/06/2021,Ấp Thị và ấp Phước Tiên - xã Thông Bình - huyện Tân Hồng - tỉnh Đồng Tháp
"Mưa kèm dông, lốc tại Đồng Tháp",Lốc,06/06/2021,06/06/2021,Ấp 1 - xã Phương Thịnh - huyện Cao Lãnh - tỉnh Đồng Tháp
Sạt lở tại Cà Mau,Sạt lở đất do mưa lũ hoặc dòng chảy,05/06/2021,05/06/2021,Xã Lâm Hải - Huyện Năm Căn - Tỉnh Cà Mau
"Mưa vừa, mưa to, kèm theo dông, lốc tại Hà Giang",Lốc,04/06/2021,05/06/2021,Huyện Vị Xuyên - Tỉnh Hà Giang
"Mưa kèm dông, lốc, sét tại Điện Biên","Mưa dông kèm theo lốc, sét và mưa đá",04/06/2021,07/06/2021,Huyện Mường Nhé và Thị xã Mường Lay - tỉnh Điện Biên
"Dông, lốc tại Quảng Ngãi",Lốc,04/06/2021,04/06/2021,Xã Ba Vì - huyện Ba Tơ - tỉnh Quảng Ngãi
Sạt lở đất tại An Giang,Sạt lở đất do mưa lũ hoặc dòng chảy,03/06/2021,05/06/2021,"Tổ 44, ấp An Thạnh, thị trấn An Phú, tỉnh An Giang"
"Mưa, dông, sét và gió giật mạnh tại Thái Nguyên","Mưa dông kèm theo lốc, sét và mưa đá",03/06/2021,04/06/2021,"Huyện Đồng Hỷ, huyện Định Hóa - tỉnh Thái Nguyên"
Mưa to đến rất to và dông mạnh tại tỉnh Tuyên Quang,Mưa lớn,03/06/2021,04/06/2021,Huyện Chiêm Hóa - Tỉnh Tuyên Quang
Bão số 1 CHOI-WAN,Bão,02/06/2021,04/06/2021,
"Mưa dông, lốc tại Gia Lai","Mưa dông kèm theo lốc, sét và mưa đá",02/06/2021,02/06/2021,Xã Ia Krăi - huyện Ia Grai - tỉnh Gia Lai
Lốc tại Cao Bằng,Lốc,02/06/2021,02/06/2021,"Xã Vũ Nông, Thịnh Vượng, Quang Thành, Minh Tâm, Vũ Minh, Hoa Thám, Ca Thành - huyện Nguyên Bình - tỉnh Cao Bằng"
Sạt lở đất tại An Giang,Sạt lở đất do mưa lũ hoặc dòng chảy,02/06/2021,02/06/2021,"Xã Kiến An, Long Giang, Long Kiến - Huyện Chợ Mới - Tỉnh An Giang"
Mưa kèm lốc xoáy tại Bình Thuận,"Mưa dông kèm theo lốc, sét và mưa đá",02/06/2021,02/06/2021,"Xã Huy Khiêm, La Ngâu và Đức Phú - huyện Tánh Linh - tỉnh Bình Thuận"
Mưa dông kèm lốc xoáy tại Sóc Trăng,"Mưa dông kèm theo lốc, sét và mưa đá",02/06/2021,02/06/2021,Huyện Mỹ Xuyên và TP. Sóc Trăng - tỉnh Sóc Trăng
Mưa dông kèm lốc xoáy tại Sóc Trăng,"Mưa dông kèm theo lốc, sét và mưa đá",02/06/2021,03/06/2021,"Huyện Mỹ Xuyên, Trần đề và Thành phố Sóc Trăng - Tỉnh Sóc Trăng"
Lốc tại Tuyên Quang,Lốc,01/06/2021,02/06/2021,"huyện Hàm Yên, Chiêm Hóa, Na Hang - tỉnh Tuyên Quang"
"Dông, lốc tại Lào Cai",Lốc,01/06/2021,02/06/2021,"Các huyện Bảo Thắng, Văn Bàn và TP Lào Cai - tỉnh Lào Cai"
Lốc tại Tuyên Quang,Lốc,01/06/2021,02/06/2021,"huyện Hàm Yên, Chiêm Hóa, Na Hang - tỉnh Tuyên Quang"
"Dông, lốc tại Lào Cai",Lốc,01/06/2021,02/06/2021,"Các huyện Bảo Thắng, Văn Bàn và TP Lào Cai - tỉnh Lào Cai"
Sạt lở bờ sông tại Vĩnh Long,Sạt lở đất do mưa lũ hoặc dòng chảy,29/05/2021,29/05/2021,Xã Long Phước - Huyện Long Hồ - Tỉnh Vĩnh Long
Mưa lớn tại Tây Ninh,Mưa lớn,27/05/2021,27/05/2021,"Huyện Châu Thành, tỉnh Tây Ninh"
Mưa to kèm dông sét tại Hà Giang,Mưa lớn,27/05/2021,27/05/2021,"Huyện Yên Bình và huyện Quang Bình, tỉnh Hà Giang"
Mưa lớn tại Lào Cai,Mưa lớn,27/05/2021,28/04/2021,Huyện Bát Xát - tỉnh Lào Cai
Sạt lở đất ven sông tại Cà Mau,Sạt lở đất do mưa lũ hoặc dòng chảy,27/05/2021,27/05/2021,Ấp Mai Hoa - xã Nguyễn Huân - huyện Đầm Dơi - tỉnh Cà Mau
"Mưa kèm dông, sét tại Hà Giang","Mưa dông kèm theo lốc, sét và mưa đá",26/05/2021,27/05/2021,"Các huyện Xín Mần, Hoàng Su Phì, Quang Bình - tỉnh Hà Giang"
"Mưa lớn, gió mạnh tại Vĩnh Long",Lốc,25/05/2021,25/05/2021,Xã Tân Long và Bình Phước - Huyện Mang Thít - Tỉnh Vĩnh Long
Sạt lở đất ven sông tại Cà Mau,Sạt lở đất do mưa lũ hoặc dòng chảy,25/05/2021,25/05/2021,Xã Tân Đức - huyện Đầm Dơi - tỉnh Cà Mau
Ngập lụt tại Bình Thuận,Ngập lụt,25/05/2021,25/05/2021,"Xã Phan Hiệp, Hồng Thái, Phan Hòa - huyện Bắc Bình - tỉnh Bình Thuận"
Mưa lớn tại Tây Ninh,Mưa lớn,25/05/2021,25/05/2021,Xã Phước Chỉ - thị xã Trảng Bàng - tỉnh Tây Ninh
Mưa giông kèm lốc xoáy tại Hà Tĩnh,Lốc,25/05/2021,25/05/2021,Xã Thạch Xuân - Huyện Thạch Hà - Tỉnh Hà Tĩnh
Mưa dông kèm gió giật mạnh tại Cà Mau,Lốc,24/05/2021,25/05/2021,Xã Tân Hưng Tây - huyện Phú Tân - tỉnh Cà Mau
Sạt lở đất tại Bình Thuận,Sạt lở đất do mưa lũ hoặc dòng chảy,24/05/2021,24/05/2021,Xã Mê Pu - Huyện Đức Linh - Tỉnh Bình Thuận
"Dông, lốc tại Cà Mau",Lốc,24/05/2021,24/05/2021,Ấp Bình Định - xã Tân Thành - thành phố Cà Mau - tỉnh Cà Mau
Mưa kèm dông lốc tại Lào Cai,"Mưa dông kèm theo lốc, sét và mưa đá",23/05/2021,24/05/2021,"Xã Tung Chung Phố, huyện Mường Khương và phường Cốc Lếu, TP. Lào Cai - Tỉnh Lào Cai"
Ngập lụt tại Bình Thuận,Ngập lụt,23/05/2021,24/05/2021,"Các xã: Hàm Trí, Hàm Phú, Hàm Chính, Thuận Minh, Hàm Thắng - Huyện Hàm Thuận Bắc - Tỉnh Bình Thuận"
Mưa kèm lốc tại Nghệ An,Lốc,23/05/2021,23/05/2021,"Các xã Xiêng My, Nga My, Yên Na - Huyện Tương Dương - Tỉnh Nghệ An"
"Mưa kèm dông, lốc xoáy tại Cà Mau",Lốc,23/05/2021,23/05/2021,Ấp Lê Năm - Xã Rạch Chèo - Huyện Phú Tân - Tỉnh Cà Mau
"Mưa kèm dông, lốc xoáy tại Cà Mau",Lốc,23/05/2021,23/05/2021,Ấp Lê Năm - Xã Rạch Chèo - Huyện Phú Tân - Tỉnh Cà Mau
Sạt lở đất tại An Giang,Sụt lún đất do mưa lũ hoặc dòng chảy,20/05/2021,20/05/2021,Ấp Long Hòa - Xã Long Điền B - Huyện Chợ Mới - Tỉnh An Giang
Sạt lở đất tại Cà Mau,Sạt lở đất do mưa lũ hoặc dòng chảy,20/05/2021,20/05/2021,Xã Đất Mới - Huyện Năm Căn - Tỉnh Cà Mau
Sét tại Điện Biên,Sét,19/05/2021,19/05/2021,Xã Si Pa Phìn - Huyện Nậm Pồ - Tỉnh Điện Biên
Dông lốc tại Lào Cai,Lốc,19/05/2021,19/05/2021,Xã Bản Hồ và xã Liên Minh - Thị xã Sa Pa - Tỉnh Lào Cai
"Mưa, dông tại An Giang","Mưa dông kèm theo lốc, sét và mưa đá",19/05/2021,19/05/2021,Xã Vĩnh Hòa - Thị xã Tân Châu - Tỉnh An Giang
Mưa lớn kèm dông lốc tại Đồng Tháp,"Mưa dông kèm theo lốc, sét và mưa đá",19/05/2021,19/05/2021,"Các xã Tân Công Chí, Bình Phú, Tân Hộ Cơ và thị trấn Sa Rài - Huyện Tân Hồng - Tỉnh Đồng Tháp"
Sét tại Cà Mau,Sét,19/05/2021,19/05/2021,"Thị trấn Cái Đôi Vàm, huyện Phú Tân, tỉnh Cà Mau"
Mưa dông tại Cà Mau,"Mưa dông kèm theo lốc, sét và mưa đá",19/05/2021,19/05/2021,"Xã Phong Lạc, huyện Trần Văn Thời và xã Khánh An, huyện U Minh - Tỉnh Cà Mau"
Động đất tại Kon Tum,Động đất,17/05/2021,17/05/2021,Xã Ngọk Tem - Huyện Kon Plông - Tỉnh Kon Tum
Động đất tại Kon Tum,Động đất,17/05/2021,17/05/2021,Xã Ngọk Tem - Huyện Kon Plông - Tỉnh Kon Tum
Mưa lớn kèm dông lốc tại Đắk Nông,"Mưa dông kèm theo lốc, sét và mưa đá",17/05/2021,17/05/2021,"Xã Tân Thành, Đắk Drô và Thị trấn Đắk Mâm - Huyện Krông Nô - Tỉnh Đắk Nông"
Mưa kèm dông lốc tại An Giang,Bão,17/05/2021,17/05/2021,"Xã Long Giang, Long Điền B, Long Kiến - Huyện Chợ Mới - Tỉnh An Giang"
Mưa kèm dông lốc tại An Giang,Lốc,17/05/2021,17/05/2021,Xã Bình Thạnh Đông - Huyện Phú Tân - Tỉnh An Giang
Mưa lớn kèm sét tại Nghệ An,Sét,17/05/2021,17/05/2021,Xóm 8 - xã Khánh Sơn - huyện Nam Đàn - tỉnh Nghệ An
Sạt lở đất ven sông tại Cà Mau,Sạt lở đất do mưa lũ hoặc dòng chảy,17/05/2021,19/05/2021,"Xã Nguyễn Huân, xã Tân Đức - Huyện Đầm Dơi - Tỉnh Cà Mau"
Sạt lở đất ven sông tại Cà Mau,Sạt lở đất do mưa lũ hoặc dòng chảy,17/05/2021,19/05/2021,"Xã Nguyễn Huân, xã Tân Đức - Huyện Đầm Dơi - Tỉnh Cà Mau"
"Mưa kèm theo giông, lốc ở Hà Giang",Lốc,16/05/2021,16/05/2021,Xã Bạch Ngọc và xã Ngọc Minh - huyện Vị Xuyên - Tỉnh Hà Giang
"Mưa lớn kèm dông, sét tại Bình Thuận","Mưa dông kèm theo lốc, sét và mưa đá",16/05/2021,16/05/2021,Xã Bình Tân và xã Hòa Thắng - Huyện Bắc Bình - Tỉnh Bình Thuận
Động đất tại Kon Tum,Động đất,15/05/2021,15/05/2021,Xã Đăk Ring - Huyện Kon Plông - Tỉnh Kon Tum
Động đất tại Kon Tum,Động đất,15/05/2021,15/05/2021,Xã Đăk Ring - Huyện Kon Plông - Tỉnh Kon Tum
Sét tại tỉnh Phú Thọ,Sét,13/05/2021,13/05/2021,Huyện Thanh Thủy - Tỉnh Phú Thọ
Mưa kèm dông lốc tại Lào Cai,Lốc,13/05/2021,13/05/2021,"Huyện Văn Bàn, Bát Xát, Bắc Hà và TP. Lào Cai - Tỉnh Lào Cai"
Mưa rào và dông tại Lai Châu,Lốc,13/05/2021,13/05/2021,"Các huyện Sìn Hồ, Than Uyên, Phong Thổ, Nậm Nhùn, Tân Uyên, Mường Tè, Tam Đường và TP. Lai Châu - Tỉnh Lai Châu"
Mưa to kèm gió lốc tại Hà Giang,Lốc,13/05/2021,13/05/2021,"Huyện Huyện Yên Ninh, Bắc Mê, Vị Xuyên, Bắc Quang, Quang Bình, Xín Mần - Tỉnh Hà Giang"
"Mưa lớn, dông, lốc, sét tại Thái Nguyên",Lốc,13/05/2021,13/05/2021,"Các huyện Đồng Hỷ, Đại Từ và TP. Sông Công - Tỉnh Thái Nguyên"
Động đất tại Kon Tum,Động đất,12/05/2021,12/05/2021,Xã Đăk Ring - Huyện Kon Plông - Tỉnh Kon Tum
Động đất tại Kon Tum,Động đất,12/05/2021,12/05/2021,Xã Ngọk Tem - Huyện Kon Plông - Tỉnh Kon Tum
Mưa kèm dông lốc tại Bắc Kạn,"Mưa dông kèm theo lốc, sét và mưa đá",12/05/2021,13/05/2021,"Các huyện Bạch Thông, Chợ Đồn, Chợ Mới, Na Rì và TP. Bắc Kạn - Tỉnh Bắc Kạn"
"Mưa lớn kèm sét, lốc xoáy tại Quảng Trị",Lốc,12/05/2021,12/05/2021,Xã Gio Mai và Gio Quang - Huyện Gio Linh - Tỉnh Quảng Trị
"Mưa kèm dông, lốc, sét tại Tuyên Quang","Mưa dông kèm theo lốc, sét và mưa đá",12/05/2021,13/05/2021,Huyện Na Hang và Yên Sơn - Tỉnh Tuyên Quang
Động đất tại Quảng Ngãi,Động đất,11/05/2021,11/05/2021,"Huyện Sơn Hà, tỉnh Quảng Ngãi"
Động đất tại Lai Châu,Động đất,11/05/2021,11/05/2021,"Huyện Mường Tè, tỉnh Lai Châu."
Sạt lở đất tại Thái Nguyên,Sạt lở đất do mưa lũ hoặc dòng chảy,11/05/2021,11/05/2021,"Xóm Lân Đăm, xã Quang Sơn, huyện Đồng Hỷ, tỉnh Thái Nguyên"
Ngập lụt tại Hà Nội,Ngập lụt,11/05/2021,11/05/2021,Các quận nội thành và huyện Đông Anh - TP. Hà Nội
Mưa kèm giông lốc tại Tuyên Quang,Lốc,10/05/2021,11/05/2021,"Các huyện Yên Sơn, Chiêm Hóa tỉnh Tuyên Quang"
Mưa đá tại Phú Thọ,Mưa đá,10/05/2021,10/05/2021,"Các xã Bảo Yên, Đoan Hạ, Sơn Thuỷ, thị trấn Thanh Thuỷ - Huyện Thanh Thuỷ - Tỉnh Phú Thọ"
"Dông, lốc, sét tại Hà Tĩnh",Lốc,10/05/2021,10/05/2021,"Các xã Cẩm Bình, Cẩm Duệ, Cẩm Dương, Cẩm Hưng, Cẩm Mỹ, Cẩm Quan, Cẩm Quang, Cẩm Thạch, Cẩm Thành, Cẩm Thịnh, Cẩm Vịnh, Nam Phúc Thăng, Thị trấn Cẩm Xuyên, Yên Hoà - Huyện Cẩm Xuyên - Tỉnh Hà Tĩnh"
Sét tại tỉnh Quảng Trị,Sét,10/05/2021,10/05/2021,"Thị trấn Cam Lộ, huyện Cam Lộ, tỉnh Quảng Trị"
Lốc tại tỉnh Thái Nguyên,Lốc,10/05/2021,11/05/2021,Huyện Đồng Hỷ và Huyện Định Hoá - Tỉnh Thái Nguyên
Mưa to kèm theo lốc tại Nghệ An,Lốc,10/05/2021,10/05/2021,"Các huyện Nam Đàn, Hưng Nguyên, TP. Vinh, Thị xã Cửa Lò - Tỉnh Nghệ An"
Động đất tại Kon Tum,Động đất,09/05/2021,09/05/2021,"Huyện Kon Plông, tỉnh Kon Tum"
Mưa dông kèm lốc xoáy tại Quảng Trị,Lốc,09/05/2021,09/05/2021,"Các xã A Ngo, A Bung - Huyện Đakrông - Tỉnh Quảng Trị"
Mưa to kèm theo lốc tại Nghệ An,Bão,09/05/2021,09/05/2021,"Huyện Nam Đàn, Thanh Chương, tỉnh Nghệ An"
Lốc xoáy tại Lâm Đồng,Bão,09/05/2021,09/05/2021,"Thôn 3, xã Lộc Bảo, huyện Bảo Lâm, tỉnh Lâm Đồng"
Mưa to kèm lốc xoáy tại Nghệ An,Bão,09/05/2021,09/05/2021,"Các huyện Nam Đàn, Thanh Chương - Tỉnh Nghệ An"
Mưa dông kèm lốc xoáy tại Long An,Lốc,08/05/2021,08/05/2021,Xã Đức Tân - Huyện Tân Trụ - Tỉnh Long An
"Mưa lớn kèm lốc, sét tại Tây Ninh",Bão,06/05/2021,06/05/2021,"Các Huyện Châu Thành, Tân Biên -  Tỉnh Tây Ninh"
Động đất tại Kon Tum,Động đất,05/05/2021,05/05/2021,"Huyện Kon Plông, tỉnh Kon Tum"
Động đất tại Kon Tum,Động đất,04/05/2021,04/05/2021,"Huyện Kon Plong, tỉnh Kon Tum"
Động đất tại Kon Tum,Động đất,02/05/2021,02/05/2021,"Huyện Kon Plong, tỉnh Kon Tum"
Động đất tại Kon Tum,Động đất,02/05/2021,02/05/2021,"Huyện Kon Plong, tỉnh Kon Tum"
Động đất tại Kon Tum,Động đất,01/05/2021,01/05/2021,"Huyện Kon Plong, tỉnh Kon Tum"
Động đất tại Kon Tum,Động đất,01/05/2021,01/05/2021,"Huyện Kon Plong, tỉnh Kon Tum"
Động đất tại Kon Tum,Động đất,01/05/2021,01/05/2021,"Huyện Kon Plong, tỉnh Kon Tum"
Động đất tại Kon Tum,Động đất,27/04/2021,27/04/2021,"Huyện Kon Plông, tỉnh Kon Tum"
Động đất tại Kon Tum,Động đất,26/04/2021,26/04/2021,"Huyện Kon Plong, tỉnh Kon Tum"
Động đất tại Kon Tum,Động đất,22/04/2021,22/04/2021,"Huyện Kon Plông, tỉnh Kon Tum"
Động đất tại Hà Tĩnh,Động đất,22/04/2021,22/04/2021,"Huyện Nghi Xuân, tỉnh Hà Tĩnh"
Động đất tại Kon Tum,Động đất,21/04/2021,21/04/2021,"Huyện Kon Plông, tỉnh Kon Tum"
Động đất tại Kon Tum,Động đất,21/04/2021,21/04/2021,"Huyện Kon Plông, tỉnh Kon Tum"
Động đất tại Kon Tum,Động đất,20/04/2021,20/04/2021,"Huyện Kon Plông, tỉnh Kon Tum"
Động đất tại Kon Tum,Động đất,20/04/2021,20/04/2021,"Huyện Kon Plông, tỉnh Kon Tum"
Động đất tại Kon Tum,Động đất,18/04/2021,18/04/2021,"Huyện Kon Rẫy, tỉnh Kon Tum"
Siêu bão SURIGAE,Bão,17/04/2021,23/04/2021,Vùng biển phía Đông miền Trung Phi-líp-pin
Lũ quét tại Lào Cai,Lũ quét,17/04/2021,17/04/2021,"Thôn Minh Hạ, xã Minh Lương, huyện Văn Bàn, tỉnh Lào Cai"
Động đất tại Kon Tum,Động đất,15/04/2021,15/04/2021,"Huyện Kon Plông, tỉnh Kon Tum"
Động đất tại Kon Tum,Động đất,15/04/2021,15/04/2021,"Huyện Đắk Hà, tỉnh Kon Tum"
Động đất tại Kon Tum,Động đất,14/04/2021,14/04/2021,"Huyện Đắk Hà, tỉnh Kon Tum"
Động đất tại Kon Tum,Động đất,13/04/2021,13/04/2021,"Huyện Ngọc Hồi, tỉnh Kon Tum."
Động đất tại Quảng Ngãi,Động đất,12/04/2021,12/04/2021,"Huyện Trà Bồng, tỉnh Quảng Ngãi"
Động đất tại Quảng Ngãi,Động đất,12/04/2021,12/04/2021,"Động đất xảy ra tại khu vực huyện Trà Bồng, tỉnh Quảng Ngãi"
Mưa dông tại Lai Châu,Mưa lớn,11/04/2021,11/04/2021,"Huyện Mường Tè, Nậm Nhùn và Phong Thổ - Tỉnh Lai Châu"
Động đất tại Quảng Nam,Động đất,10/04/2021,10/04/2021,"Huyện Bắc Trà My, tỉnh Quảng Nam"
Động đất tại Kon Tum,Động đất,04/04/2021,04/04/2021,"Huyện Kon Plông, tỉnh Kon Tum"
Mưa đá tại Sơn La,Mưa đá,10/03/2021,10/03/2021,"Huyện Mộc Châu, tỉnh Sơn La"
Động đất tại Quảng Nam,Động đất,01/03/2021,01/03/2021,"Huyện Nam Trà My, tỉnh Quảng Nam"
Động đất tại Lai Châu,Động đất,28/02/2021,28/02/2021,"Huyện Mường Tè, tỉnh Lai Châu"
Động đất tại Vân Nam (Trung Quốc),Động đất,17/02/2021,17/02/2021,"Tỉnh Vân Nam, Trung Quốc (cách biên giới Việt Nam tại địa phận huyện Mèo Vạc, tỉnh Hà Giang khoảng 15km)"
Động đất tại Cao Bằng,Động đất,07/02/2021,07/02/2021,"Huyện Trung Khánh, tỉnh Cao Bằng"
Động đất tại Hoà Bình,Động đất,06/02/2021,06/02/2021,"Huyện Tân Lạc, tỉnh Hòa Bình"
Động đất tại Lai Châu,Động đất,15/01/2021,15/01/2021,"Huyện Mường Tè, tỉnh Lai Châu"
Động đất tại Lai Châu,Động đất,13/01/2021,13/01/2021,"Huyện Mường Tè, tỉnh Lai Châu."
Động đất tại Trung Quốc,Động đất,13/01/2021,13/01/2021,"Tỉnh Vân Nam, Trung Quốc (cách huyện Mường Tè, tỉnh Lai Châu khoảng 26 km)."
Động đất tại Hoà Bình,Động đất,10/01/2021,10/01/2021,"Huyện Mai Châu, tỉnh Hòa Bình."
Động đất tại Trung Quốc,Động đất,07/01/2021,07/01/2021,"Tỉnh Vân Nam, Trung Quốc (cách huyện Mường Khương, tỉnh Lào Cai khoảng 28 km)."
Động đất tại Lào,Động đất,06/01/2021,06/01/2021,"Tỉnh Houaphan, Lào (cách huyện Quan Sơn, tỉnh Thanh Hóa khoảng 9 km)."
Động đất tại Điện Biên,Động đất,31/12/2020,31/12/2020,"Huyện Mường Nhé, tỉnh Điện Biên"
Bão số 14 (KROVANH),Bão,18/12/2020,,
Mưa lớn,Mưa lớn,29/11/2020,02/12/2020,"Các tỉnh Thừa Thiên Huế, Quảng Nam, Quảng Ngãi, Phú Yên, Khánh Hòa, Lâm Đồng và Đắk Lắk"
Động đất tại Hoà Bình,Động đất,25/11/2020,25/11/2020,"Huyện Mai Châu, tỉnh Hòa Bình."
Động đất tại Sơn La,Động đất,20/11/2020,20/11/2020,"Huyện Mộc Châu, Sơn La."
Động đất tại Lai Châu,Động đất,18/11/2020,18/11/2020,"Huyện Mường Tè, Lai Châu."
Động đất tại Sơn La,Động đất,11/11/2020,11/11/2020,"Huyện Mộc Châu, tỉnh Sơn La."
Bão số 13 (VAMCO),Bão,10/11/2020,15/11/2020,Vùng biển phía Đông Phi-líp-pin
Bão số 12 (ETAU),Bão,07/11/2020,10/11/2020,Trên đất liền các tỉnh từ Bình Định đến Ninh Thuận.
Động đất tại ven biển tỉnh Thái Bình,Động đất,07/11/2020,07/11/2020,Khu vực ngoài khơi biển tỉnh Thái Bình.
Bão số 11 (ATSANI),Bão,06/11/2020,07/11/2020,Biển Đông
Bão số 10 (GONI),Bão,31/10/2020,06/11/2020,Vùng biển các tỉnh Quảng Ngãi đến Phú Yên
Động đất tại Yên Bái,Động đất,26/10/2020,26/10/2020,"Huyện Văn Yên, tỉnh Yên Bái."
Bão số 9 (MOLAVE),Bão,24/10/2020,28/10/2020,"Trên đất liền các tỉnh Quảng Nam, Quảng Ngãi"
Động đất tại Sơn La,Động đất,20/10/2020,20/10/2020,"Huyện Sốp Cộp, tỉnh Sơn La."
Động đất tại Sơn La,Động đất,19/10/2020,19/10/2020,"Huyện Mộc Châu, tỉnh Sơn La."
Bão số 8 (SAUDEL),Bão,19/10/2020,25/10/2020,Trên vùng biển các tỉnh từ Hà Tĩnh đến Quảng Trị
Động đất tại Quảng Nam,Động đất,16/10/2020,16/10/2020,"Huyện Bắc Trà My, tỉnh Quảng Nam."
Động đất tại Quảng Ngãi,Động đất,14/10/2020,14/10/2020,"Huyện Trà Bồng, tỉnh Quảng Ngãi."
Động đất tại Quảng Ngãi,Động đất,14/10/2020,14/10/2020,"Huyện Trà Bồng, tỉnh Quảng Ngãi."
Động đất tại Quảng Ngãi,Động đất,14/10/2020,14/10/2020,"Huyện Trà Bồng, tỉnh Quảng Ngãi."
Động đất tại Quảng Ngãi,Động đất,14/10/2020,14/10/2020,"Huyện Trà Bồng, tỉnh Quảng Ngãi."
Áp thấp nhiệt đới trên biển Đông,Áp thấp nhiệt đới,13/10/2020,16/10/2020,Các tỉnh Trung Trung Bộ
Bão số 7 (NANGKA),Bão,11/10/2020,14/10/2020,Trên đất liền các tỉnh từ Nam Định đến Thanh Hóa.
Động đất tại Điện Biên,Động đất,10/10/2020,10/10/2020,"Huyện Tuần Giáo, Điện Biên."
Bão số 6 (LINFA),Bão,09/10/2020,11/10/2020,Từ Quảng Nam đến Bình Định
Vùng áp thấp trên biển Đông,Áp thấp nhiệt đới,05/10/2020,,Trên biển Đông
Mưa lớn tại Lào Cai,Mưa lớn,05/10/2020,06/10/2020,"Huyện Bát Xát, Bảo Thắng, thành phố Lào Cai tỉnh Lào Cai"
Mưa lớn tại Hà Giang,Mưa lớn,05/10/2020,06/10/2020,Tỉnh Hà Giang
Mưa lớn tại tỉnh Gia Lai,Mưa lớn,04/10/2020,04/10/2020,Thành phố Pleiku tỉnh Gia Lai
Mưa lớn tại Cà Mau,Mưa lớn,28/09/2020,28/09/2020,"Huyện U Minh, thành phố Cà Mau, huyện Trần Văn Thời, huyện Phú Tân, huyện Cái Nước tỉnh Cà Mau"
Lốc xoáy tại Cà Mau,Lốc,28/09/2020,28/09/2020,"Ấp Dinh Củ, xã Tam Giang Tây, huyện Ngọc Hiển"
Mưa lớn tại Tuyên Quang,Mưa lớn,26/09/2020,27/09/2020,Huyện Hàm Yên tỉnh Tuyên Quang
Động đất tại Sơn La,Động đất,25/09/2020,25/09/2020,"Động đất xảy ra tại khu vực huyện Mộc Châu, tỉnh Sơn La."
Động đất tại Cao Bằng,Động đất,25/09/2020,25/09/2020,"Huyện Bảo Lâm, Cao Bằng"
Ngập lụt do mưa lớn tại tỉnh Bình Thuận,Ngập lụt,25/09/2020,26/09/2020,"Xã Đức Bình, Đức Thuận, Nghị Đức huyện Tánh Linh, tỉnh Bình Thuận"
Động đất tại Sơn La,Động đất,24/09/2020,24/09/2020,"Động đất xảy ra tại khu vực huyện Mộc Châu, tỉnh Sơn La."
Động đất tại Sơn La,Động đất,24/09/2020,24/09/2020,"Huyện Mộc Châu, tỉnh Sơn La."
"Mưa dông, sạt lở đất tại An Giang",Sạt lở đất do mưa lũ hoặc dòng chảy,24/09/2020,28/09/2020,"Huyện An Phú, tỉnh An Giang"
Động đất tại Sơn La,Động đất,21/09/2020,21/09/2020,Huyện Mộc Châu - Tỉnh Sơn La
Bão số 5 (NOUL),Bão,15/09/2020,18/09/2020,Khu vực trên biển Đông
"Mưa lũ tại huyện Lục Yên, tỉnh Yên Bái",Ngập lụt,14/09/2020,14/09/2020,"Xã Lâm Thượng, Tân Phượng, Mường Lai huyện Lục Yên, tỉnh Yên Bái"
Sét tại Vĩnh Phúc,Sét,13/09/2020,13/09/2020,"Xã Liên Hòa, huyện Lập Thạch, tỉnh Vĩnh Phúc"
Sạt lở đất tại Hà Giang,Sạt lở đất do mưa lũ hoặc dòng chảy,13/09/2020,13/09/2020,Tỉnh Hà Giang
"Sạt lở, ngập lụt tại Hà Giang",Sạt lở đất do mưa lũ hoặc dòng chảy,13/09/2020,14/09/2020,"Huyện Quang Bình, Bắc Quang tỉnh Hà Giang"
Lốc xoáy tại Hà Tĩnh,Lốc,13/09/2020,13/09/2020,"thôn Ngõ Lỗi xã Trường Sơn, huyện Đức Thọ, tỉnh Hà Tĩnh"
Lốc xoáy tại An Giang,Lốc,13/09/2020,13/09/2020,"Huyện An Phú và thành phố Châu Đốc, tỉnh An Giang"
Lốc xoáy tại tỉnh An Giang,Lốc,12/09/2020,12/09/2020,"Xã Bình Long, Thạnh Mỹ Tây và Vĩnh Thạnh Trung huyện Châu Phú, tỉnh An Giang."
Lốc tại tỉnh Thái Nguyên,Lốc,12/09/2020,13/09/2020,"Xã Tân Linh, thị trấn Quân Chu, huyện Đại Từ tỉnh Thái Nguyên"
Mưa lớn tại tỉnh Hà Giang,Mưa lớn,11/09/2020,12/09/2020,"Huyện Mèo Vạc, Thành phố Hà Giang,"
Lốc tại tỉnh Vĩnh Long,Lốc,11/09/2020,11/09/2020,"Xã Lộc Hòa, Thạnh Quới, Phú Quới và Tân Hạnh của huyện Long Hồ, tỉnh Vĩnh Long"
Mưa lớn tại Tuyên Quang,Mưa lớn,10/09/2020,11/09/2020,"Huyện Chiêm Hóa, Lâm Bình tỉnh Tuyên Quang"
Sạt lở đất tại Lào Cai,Sạt lở đất do mưa lũ hoặc dòng chảy,10/09/2020,11/09/2020,"Thôn Cửa Cải - Vĩ Mã, thị trấn Phong Hải, huyện Bảo Thắng, tỉnh Lào Cai"
Lốc tại tỉnh Gia Lai,Lốc,09/09/2020,09/09/2020,"Xã Ia Vê, huyện Chư Prong, tỉnh Gia Lai"
"Mưa lớn, lốc xoáy tại Gia Lai",Lốc,08/09/2020,08/09/2020,"Làng O Pếch, xã Ia Pếch, huyện Ia Grai, tỉnh Gia Lai"
Sét tại tỉnh Nghệ An,Sét,07/09/2020,07/09/2020,"Xã Đại Đồng, huyện Thanh Chương, tỉnh Nghệ An"
"Mưa lớn, Lốc xoáy tại Bắc Giang",Lốc,07/09/2020,07/09/2020,"Các xã thuộc huyện Tân Uyên, Yên Thế tỉnh Bắc Giang"
Động đất tại Sơn La,Động đất,01/09/2020,01/09/2020,"Huyện Mộc Châu, tỉnh Sơn La."
Động đất tại Sơn La,Động đất,26/08/2020,26/08/2020,"Huyện Sốp Cộp, tỉnh Sơn La."
Động đất tại Sơn La,Động đất,25/08/2020,25/08/2020,"Huyện Mộc Châu, tỉnh Sơn La."
Động đất tại Thanh Hóa,Động đất,22/08/2020,22/08/2020,"Huyện Bá Thước, tỉnh Thanh Hóa."
Động đất tại Sơn La,Động đất,20/08/2020,20/08/2020,"Huyện Mộc Châu, tỉnh Sơn La."
Động đất tại Thừa Thiên Huế,Động đất,19/08/2020,19/08/2020,"Huyện Quảng Điền, tỉnh Thừa Thiên Huế."
Động đất tại Sơn La,Động đất,17/08/2020,17/08/2020,"Huyện Vân Hồ, tỉnh Sơn La"
Động đất tại Sơn La,Động đất,17/08/2020,17/08/2020,"Huyện Mộc Châu, tỉnh Sơn La."
Động đất tại Sơn La,Động đất,17/08/2020,17/08/2020,"Huyện Mộc Châu, tỉnh Sơn La"
Động đất tại Sơn La,Động đất,17/08/2020,17/08/2020,"Huyện Vân Hồ, tỉnh Sơn La"
Động đất tại Sơn La,Động đất,17/08/2020,17/08/2020,"Huyện Mộc Châu, tỉnh Sơn La"
Động đất tại Sơn La,Động đất,17/08/2020,17/08/2020,"Huyện Mộc Châu, tỉnh Sơn La"
Động đất tại Sơn La,Động đất,17/08/2020,17/08/2020,"Huyện Mộc Châu, tỉnh Sơn La"
Động đất tại Sơn La,Động đất,17/08/2020,17/08/2020,"Huyện Mộc Châu, tỉnh Sơn La"
Động đất tại Sơn La,Động đất,17/08/2020,17/08/2020,"Huyện Mộc Châu, tỉnh Sơn La"
Bão số 4 (HIGOS),Bão,16/08/2020,19/08/2020,Trên khu vực tỉnh Quảng Đông-Quảng Tây (Trung Quốc)
Động đất tại Lai Châu,Động đất,16/08/2020,16/08/2020,"Huyện Mường Tè, tỉnh Lai Châu"
Lũ tại Sơn La,Lũ,15/08/2020,16/08/2020,"bản Kéo Lồm, xã Chiềng Lương, huyện Mai Sơn, tỉnh Sơn La"
Bão số 3 (MEKKHALA),Bão,09/08/2020,11/08/2020,Tỉnh Phúc Kiến (Trung Quốc)
Động đất tại Sơn La,Động đất,07/08/2020,07/08/2020,"Huyện Mộc Châu, tỉnh Sơn La."
Động đất tại Sơn La,Động đất,07/08/2020,07/08/2020,"Huyện Mộc Châu, tỉnh Sơn La."
Sạt lở đất tại Lào Cai,Sạt lở đất do mưa lũ hoặc dòng chảy,06/08/2020,06/08/2020,"Xã Phìn Ngang, huyện Bát Xát, tỉnh Lào Cai"
Động đất tại Sơn La,Động đất,05/08/2020,05/08/2020,"Huyện Mộc Châu, tỉnh Sơn La."
Sạt lở bờ sông tại Bến Tre,Sạt lở đất do mưa lũ hoặc dòng chảy,05/08/2020,05/08/2020,"Cầu Hòa Lộc, xã Hòa Lộc, huyện Mỏ Cày Bắc tỉnh Bến Tre"
Động đất tại Sơn La,Động đất,04/08/2020,04/08/2020,"Huyện Mộc Châu, tỉnh Sơn La."
Động đất tại Sơn La,Động đất,03/08/2020,03/08/2020,"Huyện Mộc Châu, tỉnh Sơn La."
Động đất tại Sơn La,Động đất,03/08/2020,03/08/2020,"Huyện Mộc Châu, tỉnh Sơn La."
Động đất tại Sơn La,Động đất,03/08/2020,03/08/2020,"Huyện Mộc Châu, tỉnh Sơn La."
Động đất tại Sơn La,Động đất,02/08/2020,02/08/2020,"Huyện Mộc Châu, tỉnh Sơn La."
Động đất tại Sơn La,Động đất,02/08/2020,02/08/2020,"Huyện Mộc Châu, tỉnh Sơn La."
Động đất tại Sơn La,Động đất,01/08/2020,01/08/2020,Mộc Châu (Sơn La)
Động đất tại Sơn La,Động đất,31/07/2020,31/07/2020,Mộc Châu (Sơn La)
Động đất tại Sơn La,Động đất,31/07/2020,31/07/2020,Mộc Châu (Sơn La)
Mưa lớn gây ngập lụt tại Đắk Lắk,Ngập lụt,31/07/2020,02/08/2020,Tỉnh Đắk Lắk
Động đất tại Sơn La,Động đất,30/07/2020,30/07/2020,"Mộc Châu, Sơn La"
Bão số 2 (SINLAKU),Bão,29/07/2020,02/08/2020,Trên đất liền tỉnh Thanh Hóa
Động đất tại Sơn La,Động đất,28/07/2020,28/07/2020,"Huyện Mộc Châu, tỉnh Sơn La"
Động đất tại Sơn La,Động đất,28/07/2020,28/07/2020,"Huyện Mộc Châu, tỉnh Sơn La."
Động đất tại Sơn La,Động đất,28/07/2020,28/07/2020,"Huyện Mộc Châu, tỉnh Sơn La."
Động đất tại Sơn La,Động đất,28/07/2020,28/07/2020,"Huyện Mộc Châu, tỉnh Sơn La."
Động đất tại Sơn La,Động đất,28/07/2020,28/07/2020,"Huyện Mộc Châu, tỉnh Sơn La."
Động đất tại Sơn La,Động đất,28/07/2020,28/07/2020,"Huyện Mộc Châu, tỉnh Sơn La."
Động đất tại Sơn La,Động đất,28/07/2020,28/07/2020,"Huyện Mộc Châu, tỉnh Sơn La."
Động đất tại Sơn La,Động đất,28/07/2020,28/07/2020,"Huyện Mộc Châu, tỉnh Sơn La."
Động đất tại Sơn La,Động đất,28/07/2020,28/07/2020,"Huyện Mộc Châu, tỉnh Sơn La."
Động đất tại Sơn La,Động đất,28/07/2020,28/07/2020,"Huyện Mộc Châu, tỉnh Sơn La."
Động đất tại Sơn La,Động đất,28/07/2020,28/07/2020,"Huyện Mộc Châu, tỉnh Sơn La."
Mưa lớn gây ngập úng tại Tuyên Quang,Ngập lụt,28/07/2020,29/07/2020,"Huyện Chiêm Hoá, tỉnh Tuyên Quang"
Động đất tại Sơn La,Động đất,27/07/2020,27/07/2020,"Huyện Mộc Châu, tỉnh Sơn La"
Động đất tại Sơn La,Động đất,27/07/2020,27/07/2020,Khu vực tỉnh Sơn La.
Động đất tại Sơn La,Động đất,27/07/2020,27/07/2020,"Huyện Mộc Châu, tỉnh Sơn La."
Động đất tại Sơn La,Động đất,27/07/2020,27/07/2020,"Huyện Mộc Châu, tỉnh Sơn La"
Động đất tại Sơn La,Động đất,27/07/2020,27/07/2020,"Huyện Mộc Châu, tỉnh Sơn La"
Động đất tại Sơn La,Động đất,27/07/2020,27/07/2020,"Huyện Mộc Châu, tỉnh Sơn La."
Mưa lũ gây ngập lụt thành phố Lào Cai,Ngập lụt,26/07/2020,27/07/2020,Thành phố Lào Cai
"Mưa lớn, lũ, ngập úng tỉnh Hà Giang",Mưa lớn,24/07/2020,25/07/2020,"Huyện Vị Xuyên, tỉnh Hà Giang"
"Mưa lớn, sạt lở đất ra trên địa bàn thành phố Đà Lạt",Sạt lở đất do mưa lũ hoặc dòng chảy,23/07/2020,23/07/2020,"Thành phố Đà Lạt, tỉnh Lâm Đồng"
Mưa lũ tại Hà Giang,Lũ,21/07/2020,,Tỉnh Hà Giang
Mưa lớn Tuyên Quang,Mưa lớn,21/07/2020,22/08/2020,"Huyện Hàm Yên, Yên Sơn Tuyên Quang"
"Mưa lớn kèm dông, lốc tại An Giang",Mưa lớn,16/07/2020,16/07/2020,"Huyện Châu Phú, An Phú và Phú Tân - Tỉnh An Giang"
Động đất tại biển tỉnh Bình Thuận,Động đất,15/07/2020,15/07/2020,Động đất xảy ra tại khu vực ngoài khơi biển tỉnh Bình Thuận.
"Mưa to kèm dông, lốc tại GIa Lai",Mưa lớn,14/07/2020,14/07/2020,Huyện Phú Thiện và huyện Đắk Đoa - Tỉnh Gia Lai
Mưa lớn tại Tuyên Quang,Mưa lớn,13/07/2020,14/07/2020,"Chiêm Hóa, Yên Sơn, Sơn Dương Tuyên Quang"
"Mưa to kèm dông, lốc tại Yên Bái",Mưa lớn,13/07/2020,13/07/2020,Thị xã Nghĩa Lộ - Tỉnh Yên Bái
Mưa dông tại Thái Nguyên,Mưa lớn,13/07/2020,13/07/2020,Phường Lương Sơn - Thành phố Sông Công - Tỉnh Thái Nguyên
Động đất tại Vân Nam (Trung Quốc),Động đất,12/07/2020,12/07/2020,"Vân Nam (Trung Quốc) - Cách biên giới Việt Nam tại địa phận huyện Mường Tè, Lai Châu khoảng 12km"
"Mưa to kèm dông, lốc tại Hoà Bình",Lốc,07/07/2020,07/07/2020,Xã Phong Phú - Huyện Tân Lạc - Tỉnh Hoà Bình
"Ngập lụt tại Lục Yên, Yên Bái",Ngập lụt,04/07/2020,05/07/2020,"Lục Yên, Yên Bái"
Ngập lụt tại Lào Cai,Ngập lụt,02/07/2020,04/07/2020,"Bát Xát, Thành phố Lào Cai, tỉnh Lào Cai"
"Sét tại xã Xuân Minh, huyện Quang Bình, tỉnh Hà Giang",Sét,02/07/2020,02/08/2020,"Xuân Minh, Quang Bình, Hà Giang"
"Sạt lở đất xã Bản Ngò, huyện Xí Mần, Hà Giang",Sạt lở đất do mưa lũ hoặc dòng chảy,02/07/2020,03/07/2020,"Xã Bản Ngò, huyện Xí Mần, Hà Giang"
Động đất tại Quảng Ninh,Động đất,01/07/2020,01/07/2020,"huyện Hoành Bồ, tỉnh Quảng Ninh."
"Lũ quét tại thị trấn Việt Lâm, huyện Vị Xuyên, tỉnh Hà Giang",Lũ quét,01/07/2020,02/07/2020,"Thị trấn Việt Lâm, Vị Xuyên, Hà Giang"
"Sạt lở đất do mưa lũ tại Xí Mần, Hà Giang",Sạt lở đất do mưa lũ hoặc dòng chảy,01/07/2020,02/07/2020,"Xã Chế Là, huyện Xí Mần, Hà Giang"
Mưa lớn tại Tuyên Quang,Mưa lớn,01/07/2020,02/07/2020,"Xã Yên Thuận, huyện Hàm Yên, Tuyên Quang"
"Mưa lớn kèm theo lốc, sét tại Nghệ An",Mưa lớn,01/07/2020,01/07/2020,Huyện Quỳ Châu và huyện Quế Phong - Tỉnh Nghệ An
Gió lốc tại Bình Thuận,Lốc,30/06/2020,30/06/2020,"Thôn Lập Đức, xã Tân Lập, huyện Hàm Thuận Nam, tỉnh Bình Thuận"
Động đất tại Lai Châu,Động đất,29/06/2020,29/06/2020,"Huyện Mường Tè, tỉnh Lai Châu."
Sạt lở đất do mưa lũ tại Hà Giang,Sạt lở đất do mưa lũ hoặc dòng chảy,28/06/2020,29/06/2020,"Huyện Bắc Quang, Hà Giang"
Lũ quét tại Hà Giang,Lũ quét,28/06/2020,29/06/2020,"Vị Xuyên, Hà Giang"
"Mưa lớn kèm dông, lốc tại Gia Lai",Mưa lớn,25/06/2020,25/06/2020,Huyện Phú Thiện - Tỉnh Gia Lai
Mưa kèm dông sét tại Tuyên Quang,Mưa lớn,24/06/2020,25/06/2020,"Xã Sinh Long, Sơn Phú, Côn Lôn - Huyện Na Hang  - Tỉnh Tuyên Quang"
Mưa to kèm gió mạnh tại Cà Mau,Mưa lớn,18/06/2020,18/06/2020,Xã Tân Thuận - Huyện Đầm Dơi - Tỉnh Cà Mau
Động đất tại Lai Châu,Động đất,16/06/2020,16/06/2020,"Huyện Mường Tè, tỉnh Lai Châu."
Động đất tại Lai Châu,Động đất,16/06/2020,16/06/2020,"Huyện Mường Tè, tỉnh Lai Châu."
Động đất tại Lai Châu,Động đất,15/06/2020,15/06/2020,"Huyện Mường Tè, tỉnh Lai Châu"
Bão số 1 (NURI),Bão,11/06/2020,14/06/2020,Trên khu vực phía Nam tỉnh Quảng Đông (Trung Quốc).
Lốc xoáy tại Phú Yên,Lốc,09/06/2020,09/06/2020,Thôn Lương Phước - xã Hòa Phú - huyện Tây Hòa - tỉnh Phú Yên
Sạt lở tại Hậu Giang,Sạt lở đất do mưa lũ hoặc dòng chảy,09/06/2020,09/06/2021,Kênh Mái Dầm - ấp Phú Đông - thị trấn Mái Dầm - huyện Châu Thành - tỉnh Hậu Giang
Bão VONGFONG,Bão,13/05/2020,17/05/2020,Trên khu vực phía Bắc đảo Lu-dông (Phi-líp-pin).
"Tin nắng nóng diện rộng ở Trung Trung Bộ, Tây Nguyên và Nam Bộ",Nắng nóng,10/05/2020,,"Tây Bắc Bộ, các tỉnh từ Thanh Hóa đến Phú Yên, Tây Nguyên và Nam Bộ"
Động đất tại Tuyên Quang,Động đất,06/05/2020,06/05/2020,Huyện Yên Sơn - Tỉnh Tuyên Quang
"Mưa lớn, lốc xoáy tại Nghệ An",Mưa lớn,03/05/2020,03/05/2020,"Xã Quang Phong huyện Quế Phong tỉnh Nghệ An và khu vực bản Diềm, xã Châu Khê, huyện Con Cuông"
Động đất tại Quảng Bình,Động đất,30/04/2020,30/04/2020,"Huyện Quảng Trạch, tỉnh Quảng Bình."
Lốc xoáy tại quần đảo Trường Sa,Lốc,28/04/2020,28/04/2020,Khu vực quần đảo Trường Sa tỉnh Khánh Hòa
Lốc tại Bình Dương,Lốc,27/04/2020,27/04/2020,"Phường Phú Thọ, thành phố Thủ Dầu Một, Tỉnh Bình Dương"
"Mưa đá, dông lốc ở Lai Châu, Hà Giang,  Sơn La, Yên Bái",Mưa đá,22/04/2020,23/04/2020,"Lai Châu, Hà Giang,  Sơn La, Yên Bái"
Ngập lụt tại Thừa Thiên Huế,Ngập lụt,22/04/2020,24/04/2020,Thừa Thiên Huế
"Mưa đá tại Lào Cai, Yên Bái, Lai Châu, Phú Thọ",Mưa đá,17/03/2020,,"Lào Cai, Yên Bái, Lai Châu, Phú Thọ"
Động đất tại Điện Biên,Động đất,04/03/2020,04/03/2020,"Xã Noong Luống, huyện Điện Biên, cách trung tâm thành phố Điện Biên Phủ khoảng 15km"
Mưa lớn tại Hà Nội,Mưa lớn,03/03/2020,03/03/2020,Hà Nội
"Mưa đá, dông, lốc, sét tại 07 tỉnh miền núi phía Bắc",Mưa đá,02/03/2020,04/03/2020,"Yên Bái, Lào Cai, Hà Giang, Tuyên Quang, Sơn La, Lai Châu, Cao Bằng"
Lũ quét tại Sơn La,Lũ quét,02/03/2020,03/03/2020,"Bản Mong, xã Song Pe, huyện Bắc Yên, tỉnh Sơn La"
Động đất tại Hà Giang,Động đất,27/02/2020,27/02/2020,"Huyện Hoàng Su Phì, tỉnh Hà Giang"
Động đất tại Hà Tĩnh,Động đất,21/02/2020,21/02/2020,"Huyện Hương Sơn, tỉnh Hà Tĩnh"
Bão số 8 (PHANFONE),Bão,23/12/2019,28/12/2019,Cách quần đảo Hoàng Sa khoảng 310km về phía Đông Nam
Bão số 7 (KAMMURI),Bão,02/12/2019,05/12/2019,Cách đảo Song Tử Tây (quần đảo Trường Sa) khoảng 210km về phía Bắc Tây Bắc.
Bão Kalmaegi,Bão,18/11/2019,20/11/2019,"Trên khu vực phía Bắc đảo Lu-dông (Phi-líp-pin). Sức gió mạnh nhất vùng gần tâm áp thấp nhiệt đới mạnh cấp 6 (40-50km/giờ), giật cấp 8."
Bão số 6 (NAKRI),Bão,05/11/2019,11/11/2019,Trên khu vực phía Nam của Tây Nguyên.
Bão số 5 (MATMO),Bão,28/10/2019,31/10/2019,
Áp thấp nhiệt đới trên biển Đông,Áp thấp nhiệt đới,02/09/2019,03/09/2019,
Áp thấp nhiệt đới trên biển Đông,Áp thấp nhiệt đới,30/08/2019,05/09/2019,
Bão số 4 (PODUL),Bão,26/08/2019,30/08/2019,Trên khu vực trung Lào
Bão BAILU,Bão,22/08/2019,25/08/2019,"Tỉnh Phúc Kiến, Trung Quốc"
Áp thấp nhiệt đới trên biển Đông,Áp thấp nhiệt đới,06/08/2019,08/08/2019,Cách đảo Lu-dông (Phi-líp-pin) 100km về phía Tây.
Bão số 3 (WIPHA),Bão,29/07/2019,03/08/2019,
Áp thấp nhiệt đới trên biển Đông,Áp thấp nhiệt đới,17/07/2019,19/07/2019,Trên vùng biển phía Nam Đài Loan
Bão Danas,Bão,16/07/2019,18/07/2019,Vùng biển phía Đông Bắc đảo Lu-dông (Philippin)
Bão số 2 (Mun),Bão,30/06/2019,04/07/2019,Ngay trên đất liền các tỉnh đồng bằng Bắc Bộ
"Lốc xoáy, sạt lở đất tại Cà Mau",Lốc,14/06/2019,16/06/2019,"Huyện Đầm Dơi, U Minh và Ngọc Hiển"
"Mưa lớn tại Hà Giang, Lào Cai",Mưa lớn,10/06/2019,11/06/2019,"Huyện Đồng Văn và Mèo Vạc (Hà Giang)
Huyện Sa Pa (Lào Cai)"
Sạt lở tại An Giang,Sạt lở đất do mưa lũ hoặc dòng chảy,09/06/2019,09/06/2019,"Tổ 13 khóm Thới Thạnh, phường Mỹ Thạnh, thành phố Long Xuyên"
Mưa dông tại tỉnh An Giang,Giông,04/06/2019,04/06/2019,"Thị xã Tân Châu, huyện An Phú và xã Phú Lộc, huyện Tân Châu"
Mưa dông tại Tây Ninh,Giông,04/06/2019,04/06/2019,"Xã Hiệp Tân, Huyện Hiệp Thành"
Mưa lốc tại Thái Nguyên,Lốc,04/06/2019,04/06/2019,Thị xã Phổ Yên
Động đất ở Điện Biên,Động đất,23/05/2019,23/05/2019,Vùng giáp ranh giữa địa bàn hai xã Xa Dung và Na Son của huyện Điện Biên Đông.
TIN ÁP THẤP NHIỆT ĐỚI TRÊN BIỂN ĐÔNG,Áp thấp nhiệt đới,17/05/2019,,
Lốc xoáy tại Bình Dương,Lốc,02/05/2019,03/05/2019,
"Thiên tai tại Hà Giang, Nghệ An, Hà Tĩnh",Lốc,01/05/2019,01/05/2019,"Hà Giang, Nghệ An, Hà Tĩnh"
Lốc xoáy tại Bắc Kạn,Lốc,13/04/2019,13/04/2019,"Huyện Bạch Thông, Huyện Chợ Đồn, Huyện Na Rì"
Lốc xoáy tại Quảng Bình,Lốc,11/04/2019,11/04/2019,"Trên địa bàn Huyện Minh Hóa, Tỉnh Quảng Bình"
Động đất tại Thanh Hóa,Động đất,04/04/2019,04/04/2019,"Quan Sơn, tỉnh Thanh Hóa"
Bão số 1 (PABUK),Bão,27/12/2018,06/01/2019,Biển Đông
Động đất tại Sơn La,Động đất,21/12/2018,21/12/2018,"khu vực huyện Bắc Yên, tỉnh Sơn La"
Lũ trên các sông từ Quảng Bình đến Phú Yên,Lũ,07/12/2018,,Quảng Bình đến Phú Yên
CƠN BÃO SỐ 9 (USAGI),Bão,19/11/2018,26/11/2018,từ Khánh Hòa đến Bến Tre
CƠN BÃO SỐ 8 (BÃO TORAJI),Bão,14/11/2018,18/11/2018,Ninh Thuận-Bình Thuận
CƠN BÃO SỐ 7 (YUTU),Bão,29/10/2018,03/11/2018,vùng biển Đông Bắc Biển Đông
CƠN BÃO SỐ 06 (MANGKHUT),Bão,11/09/2018,,Trên đất liền phía Nam tỉnh Quảng Đông (Trung Quốc).
CƠN BÃO SỐ 05 (BARIJAT),Bão,10/09/2018,,Cách Móng Cái (Quảng Ninh) khoảng 330km về phía Đông.
TIN LŨ TRÊN CÁC SÔNG,Lũ,01/09/2018,,"Yên Bái, Thanh Hóa"
CƠN BÃO SỐ 04 (BEBINCA),Bão,13/08/2018,17/08/2018,Khu vực Thanh Hóa
TIN ÁP THẤP NHIỆT ĐỚI TRÊN BIỂN ĐÔNG,Áp thấp nhiệt đới,07/08/2018,,Trên vùng bờ biển phía Nam tỉnh Quảng Đông (Trung Quốc)
TIN ÁP THẤP NHIỆT ĐỚI GẦN BỜ,Áp thấp nhiệt đới,20/07/2018,,Trên khu vực phía Bắc đảo Hải Nam (Trung Quốc).
TIN LŨ TRÊN CÁC SÔNG,Lũ,19/07/2018,,"Lào Cai, Phú Thọ, Sơn La, Yên Bái, Hòa Bình, Quảng Ninh, Thanh Hóa, Nghệ An, Hà Tĩnh"
CƠN BÃO SỐ 03 (SON-TINH),Bão,17/07/2018,19/07/2018,"Khu vực phía Tây đảo Hải Nam, cách đất liền các tỉnh từ Thái Bình đến Hà Tĩnh khoảng 390km về phía Đông."
TIN ÁP THẤP NHIỆT ĐỚI GẦN BỜ,Áp thấp nhiệt đới,17/07/2018,,"các tỉnh Nghệ An, Hà Tĩnh, Quảng Bình."
"MƯA LŨ, LŨ QUÉT, SẠT LỞ ĐẤT Ở CÁC TỈNH MIỀN NÚI PHÍA BẮC",Lũ quét,23/06/2018,,"Các tỉnh khu vực trung du miền núi phía Bắc, đặc biệt tại các tỉnh như: Lai Châu, Sơn La, Điện Biên, Lào Cai, Yên Bái, Hà Giang."
TIN ÁP THẤP NHIỆT ĐỚI TRÊN BIỂN ĐÔNG,Áp thấp nhiệt đới,14/06/2018,,vùng biển phía Đông Bắc của khu vực Bắc biển Đông
TIN BÃO GẦN BỜ (CƠN BÃO SỐ 02-CƠN BÃO EWINIAR),Bão,01/06/2018,07/06/2018,Cách quần đảo Hoàng Sa khoảng 220km về phía Nam đến trên vùng biển phía Đông bán đảo Lôi Châu.
TIN BÃO GẦN BIỂN ĐÔNG (BÃO SANBA),Bão,13/02/2018,15/02/2018,Khu vực phía Đông đảo Pa-la-oan (Phi-líp-pin).
Cơn Bão số 1 (BOLAVEN),Bão,02/01/2018,,Trên vùng biển các tỉnh từ Phú Yên đến Ninh Thuận.
Cơn bão số 16 (TEMBIN),Bão,23/12/2017,26/12/2017,cách Côn Đảo khoảng 320km về phía Đông.
TIN BÃO TRÊN BIỂN ĐÔNG (CƠN BÃO SỐ 15-KAITAK) VÀ TIN BÃO GẦN BIỂN ĐÔNG (CƠN BÃO TEMBIN),Bão,16/12/2017,,
Cơn bão số 14 (KIROGI),Bão,16/11/2017,19/11/2017,Trên vùng biển ngoài khơi các tỉnh Ninh Thuận-Bà Rịa Vũng Tàu.
Cơn bão số 13 (Haikui),Bão,10/11/2017,13/11/2017,Cách quần đảo Hoàng Sa khoảng 140km về phía Đông Bắc.
Tin lũ khẩn cấp,Lũ,05/11/2017,,"Quảng Bình, Quảng Trị, Thừa Thiên Huế, Quảng Nam, Quảng Ngãi, Bình Định, Khánh Hòa, Phú Yên, Kon Tum"
Cơn bão số 12 (DAMREY),Bão,02/11/2017,04/11/2017,Trên đất liền các tỉnh Khánh Hòa-Đắc Lắk-Lâm Đồng
Tin áp thấp nhiệt đới trên biển Đông,Áp thấp nhiệt đới,29/10/2017,02/11/2017,cách đảo Song Tử Tây khoảng 380km về phía Đông Đông Bắc.
Tin về vùng áp thấp trên biển Đông,Áp thấp nhiệt đới,18/10/2017,19/10/2017,Cách đảo Song Tử Tây khoảng 350km về phía Đông Đông Bắc.
Cơn bão số 11 (KHANUN),Bão,13/10/2017,16/10/2017,Trên khu vực phía Bắc Vịnh Bắc Bộ.
Tin lũ khẩn cấp trên các sông,Lũ,11/10/2017,12/10/2017,"Thanh Hóa, Nghệ An, Hà Tĩnh"
Tin áp thấp nhiệt đới gần bờ,Áp thấp nhiệt đới,08/10/2017,10/10/2017,Cách quần đảo Hoàng Sa khoảng 360km về phía Đông Đông Bắc.
Tin áp thấp nhiệt đới,Áp thấp nhiệt đới,23/09/2017,25/09/2017,Cách bờ biển Quảng Ninh-Hải Phòng khoảng 220km về phía Đông Đông Nam.
Cơn bão số 10 (DOKSURI),Bão,13/09/2017,16/10/2017,Vùng biển phía Đông khu vực Bắc và Giữa Biển Đông đến ngay trên vùng biển các tỉnh từ Hà Tĩnh đến Quảng Trị.
TIN VỀ CƠN BÃO TALIM VÀ ÁP THẤP NHIỆT ĐỚI GẦN BIỂN ĐÔNG,Bão,11/09/2017,12/10/2017,Vùng bờ biển phía Tây miền Trung Philippin.
Cơn bão số 9 (GUCHOL),Bão,05/09/2017,06/09/2017,Cách đảo Lu-Dông (Philippin) khoảng 200km về phía Bắc Tây Bắc.
Cơn bão số 8 (MAWAR),Bão,31/08/2017,03/09/2017,Từ cách đảo Lu-Dông khoảng 200km về phía Tây Bắc đến phía Đông tỉnh Quảng Đông (Trung Quốc).
Cơn bão số 7 (PAKHAR),Bão,25/08/2017,27/08/2017,cách đảo Lu-dông (Phi-líp-pin) khoảng 170km về phía Đông Đông Nam và cách bán đảo Lôi Châu (Trung Quốc) khoảng 890km về phía Đông Nam
Cơn bão số 6 (HATO),Bão,23/08/2017,25/08/2017,Vùng biển phía Bắc khu vực Bắc Biển Đông
Cơn bão số 5 (HAITANG),Bão,27/07/2017,30/07/2017,Cách quần đảo Hoàng Sa khoảng 520km về phía Đông Đông Bắc đến cách bờ biển phía Đông Nam tỉnh Phúc Kiến (Trung Quốc) khoảng 460km về phía Nam Đông Nam.
Cơn bão số 4 (SONCA),Bão,23/07/2017,25/07/2017,Từ cách đảo Hải Nam (Trung Quốc) khoảng 140km về phía Đông Nam đến trên bờ biển các tỉnh Hà Tĩnh-Quảng Trị.
Cơn bão số 2 (TALAS),Bão,13/07/2017,17/07/2017,Từ vùng biển quần đảo Hoàng Sa đến vùng núi Nghệ An-Hà Tĩnh.
Cơn bão số 1 (Merbok),Bão,09/06/2017,13/06/2017,Từ cách quần đảo Hoàng Sa khoảng 680km về phía Đông Nam đến tỉnh Quảng Đông (Trung Quốc).
Tin áp thấp nhiệt đới trên biển đông,Áp thấp nhiệt đới,17/04/2017,20/04/2017,Từ cách đảo Song Tử Tây (quần đảo Trường Sa) khoảng 410km về phía Đông Bắ đến cách đảo Lu-dông (Phi-líp-pin) khoảng 340km về phía Tây Bắc.
Cơn Bão số 10 (Nock-Ten),Bão,24/12/2016,27/12/2016,Từ cách bờ biển miền Trung Phillippin khoảng 460km về phía Đông đến cách đảo Song Tử Tây (thuộc quần đảo Trường Sa) khoảng 280km về phía Bắc.
Tin nhanh về tình hình lũ trên các sông từ Thừa Thiên Huế đến Khánh Hòa và Gia Llai,Lũ,15/12/2016,,
Tin áp thấp nhiệt đới trên biển đông,Áp thấp nhiệt đới,11/12/2016,13/12/2016,Cách đảo Huyền Trân (quần đảo Trường Sa) khoảng 100km về phía Tây đến cách cách bờ biển các tỉnh Ninh Thuận – Bà Rịa Vũng Tàu khoảng 150km về phía Đông Đông Nam.
Cơn Bão số 9 (Tokage),Bão,24/11/2016,28/11/2016,Cách đảo Song Tử Tây (thuộc quần đảo Trường Sa) khoảng 500km về phía Đông Bắc đên cách quần đảo Hoàng Sa khoảng 550km về phía Đông.
Lũ lụt Miền Trung tháng 11/2016,Lũ,30/10/2016,,Các tỉnh từ Nghệ An đến Khánh Hòa
Cơn Bão số 8 (Haima),Bão,18/10/2016,21/10/2016,Từ cách đảo Lu Dông khoảng 770km về phía Đông Đông Nam đến cách Hồng Kông (Trung Quốc) khoảng 140 km về phía Đông.
Cơn Bão số 7 (Sarika),Bão,15/10/2016,19/10/2016,Cách đảo Lu Dông (Philippin) khoảng 360km về phía Đông Đông Nam đến cách Quảng Ninh khoảng 90km về phía Đông Nam.
Lũ do mưa lớn và áp thấp tháng 10/2016,Lũ,15/10/2016,,Khu vực Miền Trung
Tin Áp thấp nhiệt đới gần bờ,Áp thấp nhiệt đới,13/10/2016,14/10/2016,Từ cách bờ biển Quảng Trị-Quảng Ngãi khoảng 430km về phía Đông Đông Bắc đến  tỉnh Quảng Trị-Thừa Thiên Huế.
Cơn Bão số 6 (Aere),Bão,05/10/2016,10/10/2016,Từ cách đảo Lu Dông khoảng 230km về phía Đông Bắc đến khu vực cách Hồng Kông (Trung Quốc) khoảng 380km về phía Đông Đông Nam.
Cơn Bão số 5 (Meranti),Bão,12/09/2016,15/09/2016,Từ cách đảo Lu Dông khoảng 300km về phía Đông Bắc đến bờ biển Phía Nam tỉnh Phúc Kiến (Trung Quốc).
Cơn Bão số 4 (RAI),Bão,11/09/2016,13/09/2016,Từ Khu vực phía Bắc Tây Bắc quần đảo Trường Sa đến trên đất liền các tỉnh Quảng Nam-Quảng Ngãi.
Cơn Bão số 3 (Dianmu),Bão,15/08/2016,19/08/2016,Từ vùng biển phía Tây Nam tỉnh Quảng Đông (Trung Quốc) đến khu vực Hà Nội
Cơn Bão số 2 (Nida),Bão,29/07/2016,03/08/2016,Từ cách đảo Lu Dông khoảng 540km về phía Đông Đông Nam đến  khu vực tỉnh Quảng Tây.
Cơn Bão số 1 (Mirinae),Bão,25/07/2016,29/07/2016,Từ Cách quần đảo Hoàng Sa khoảng 170km về phía Bắc Đông Bắc đến  bờ biển các tỉnh Thái Bình-Ninh Bình.
Tin áp thấp nhiệt đới trên biển đông,Áp thấp nhiệt đới,26/06/2016,28/06/2016,Từ cách quần đảo Hoàng Sa khoảng 480km về phía Đông Bắc đến vùng biển phía nam tỉnh Quảng Đông (Trung Quốc)
Tin áp thấp nhiệt đới trên biển đông,Áp thấp nhiệt đới,23/06/2016,26/06/2016,Cách quần đảo Hoàng Sa 350km về phía Đông Nam
Tin áp thấp nhiệt đới trên biển đông,Áp thấp nhiệt đới,26/05/2016,27/05/2016,Khu vực phía Đông Bắc quần đảo Hoàng Sa.
"Mưa giông, Lũ quét và Sạt lở đất tại Bắc Bộ, Tây Nguyên và Nam Bộ",Mưa lớn,24/05/2016,24/05/2016,"Các tỉnh Tây Bắc, Việt Bắc, đồng bằng của Bắc Bộ, Tây Nguyên và Nam Bộ."
"Lốc Xoáy tại xã Phong Hiền, huyện Phong Điền, Tỉnh Thừa Thiên Huế",Lốc,17/04/2016,17/04/2016,"Xã Phong Hiền, huyện Phong Điền, Tỉnh Thừa Thiên Huế"
"Mưa đá tại các tỉnh Tuyên Quang, Hà Giang và Yên Bái",Mưa đá,03/04/2016,04/04/2016,"Tuyên Quang, Hà Giang, Yên Bái, Cao Bằng"
"Hạn hán, xâm nhập mặn các tỉnh đồng Bằn Sông Cửu Long năm 2016",Hạn hán,15/02/2016,,
"Rét đậm, rét hại diện rộng và cảnh báo gió mạnh, sóng lớn trên biển",Rét hại,22/01/2016,05/02/2016,Các tỉnh miền Bắc và các tỉnh Trung Bộ
"Hạn hán tại 05 tỉnh Tây Nguyên và các tỉnh Duyên Hải Nam Trung Bộ (Ninh Thuận, Bình Thuận và Khánh Hòa) năm 2016",Hạn hán,01/01/2016,,"05 tỉnh Tây Nguyên (Lâm Đồng, Đắk Lắk, Gia Lai, Kon Tum, Đắk Nông) và các tỉnh Duyên Hải Nam Trung Bộ (Ninh Thuận, Bình Thuận và Khánh Hòa)."
Cơn bão số 5 (Melor),Bão,13/12/2015,17/12/2015,Từ cách bờ biển miền Trung Philippin khoảng 420km về phía Đông đến cách đảo Song Tử Tây (thuộc quần đảo Trường Sa) khoảng 530km về phía Đông Đông Bắc
Cơn bão Koppu,Bão,17/10/2015,21/10/2015,Từ vị trí cách đảo Lu Dông (Philippin) khoảng 270km về phía Đông đến cách đảo Đài Loan (Trung Quốc) khoảng 260km về phía Đông Nam
Cơn bão số 4 (Mujigae),Bão,01/10/2015,05/10/2015,Từ đảo Lu Dông (Philippin) đến trên khu vực phía Bắc bán đảo Lôi Châu (Trung Quốc) rồi khu vực phía Nam tỉnh Quảng Tây (Trung Quốc)
Cơn bão số 3,Bão,13/09/2015,15/09/2015,Từ Vùng biển Tây Nam quần đảo Hoàng Sa đến vùng biển các tỉnh Đà Nẵng-Bình Định
Cơn bão Soudelor,Bão,05/08/2015,10/08/2015,Vùng biển phía Đông Nam đảo Đài Loan (Trung Quốc)
Mưa lũ miền bắc Việt Nam (lũ tại Quảng Ninh),Lũ,27/07/2015,10/08/2015,
Cơn bão số 2 (LINFA),Bão,04/07/2015,10/07/2015,Từ Vùng biển phía Tây Bắc đảo Lu-dông (Phi-líp-pin) đến Vùng bờ biển phía Nam tỉnh Quảng Đông (Trung Quốc)
Bão số 1 (bão Kujira),Bão,21/06/2015,24/06/2015,"Nam Định, Thái Bình, Hải Phòng, Quảng Ninh"
Cơn bão số 5 (Bão Hagupit),Bão,09/12/2014,12/12/2014,trên vùng biển các tỉnh Khánh Hòa – Ninh Thuận
Cơn bão số 4 (Cơn bão Sinlaku),Bão,28/11/2014,30/11/2014,Trên đất liền khu vực Phú Yên - Bình Định.
Cơn bão FUNG - WONG,Bão,19/09/2014,21/09/2014,Trên vùng bờ biển phía Đông đảo Đài Loan (Trung Quốc).
Cơn bão số 3 (Cơn bão Kalmaegi),Bão,12/09/2014,17/09/2014,"Trên đất liền khu vực các tỉnh Lào Cai, Yên Bái, Hà Giang"
Áp thấp nhiệt đới trên biển Đông,Mưa lớn,06/09/2014,08/09/2014,Phía bắc bán đảo Lôi Châu (Trung Quốc)
Cơn bão số 2 (Cơn bão Rammasun),Bão,15/07/2014,19/07/2014,"Trên khu vực vùng núi Cao Bằng, Lạng Sơn."
Cơn bão số 1 (Cơn bão Hagibis),Bão,13/06/2014,15/06/2014,khu vực phía đông nam tỉnh Quảng Đông (Trung Quốc)
Cơn bão Kajiki,Bão,01/02/2014,02/02/2014,Trên khu vực phía Đông Bắc quần đảo Trường Sa
Cơn bão số 15 (Cơn bão Podul),Bão,11/11/2013,15/11/2013,Trên khu vực các tỉnh Phú Yên – Khánh Hòa
Cơn bão số 14 (Bão HAIYAN),Bão,05/11/2013,11/11/2013,Trên vùng biển và đất liền tỉnh Quảng Ninh
Cơn bão số 12  (Cơn bão Krosa),Bão,31/10/2013,04/11/2013,Trên các tỉnh Đà Nẵng – Bình Định
Cơn bão số 11,Bão,10/10/2013,15/10/2013,Trên khu vực Nam Lào.
Cơn bão số 10,Bão,26/09/2013,01/10/2013,trên khu vực Trung Lào
Cơn bão số 9,Bão,20/09/2013,23/09/2013,Khu vực phía Đông tỉnh Quảng Tây (Trung Quốc)
Cơn bão số 8,Bão,17/09/2013,19/09/2013,Trên đất liền các tỉnh Thừa Thiên Huế - Quảng Nam
Cơn bão số 7,Bão,10/08/2013,15/08/2013,Trên đất liền phía Đông Nam tỉnh Quảng Tây (Trung Quốc)
Cơn bão số 6,Bão,05/08/2013,05/08/2013,Trên khu vực biên giới Việt - Lào.
Cơn bão số 5,Bão,31/07/2013,03/08/2013,Trên khu vực vùng núi Bắc Bộ
TIN ÁP THẤP NHIỆT ĐỚI TRÊN BIỂN ĐÔNG,Mưa lớn,18/07/2013,20/07/2013,Trên khu vực quần đảo Hoàng Sa
Cơn bão số 4,Bão,16/07/2013,18/07/2013,Cách bờ biển tỉnh Quảng Đông (Trung Quốc) khoảng 140km về phía Đông Namam
Cơn bão số 3,Bão,28/06/2013,28/06/2013,"Trên đất liền tỉnh Quảng Tây (Trung Quốc), cách Móng Cái (Quảng Ninh) khoảng 180km về phía Đông Bắc."
Cơn bão số 2,Bão,20/06/2013,24/06/2013,Trên khu vực các tỉnh phía Đông Bắc Bộ
Áp thấp nhiệt đới gần biển Đông,Mưa lớn,19/02/2013,23/02/2013,Cách đảo Huyền Trân (thuộc tỉnh Bà Rịa – Vũng Tàu) khoảng 480km về phía Nam Tây Nam
Cơn bão số 1,Bão,04/01/2013,08/01/2013,cách đảo Côn Đảo khoảng 400km về phía Nam Đông Nam
"Tổng hợp diễn biến tình hình mưa đá, lốc xoáy trên cả nước (tính từ 01/01 đến 01/4)",Khác,01/01/2013,01/04/2013,
Tin bão trên biển Đông - Cơn bão số 10,Bão,26/12/2012,28/12/2012,khu vực vùng biển phía Tây quần đảo Trường Sa
Cơn bão số 9,Bão,04/12/2012,09/12/2012,Khu vực biển phía Tây Bắc đảo Lu Dông (Philippin)
Tin áp thấp nhiệt đới trên biển Đông,Mưa lớn,13/11/2012,15/11/2012,
Cơn bão số 8,Bão,25/10/2012,29/10/2012,Khu vực ven biển tỉnh Quảng Ninh
Động đất ngày 16/10/2012,Động đất,16/10/2012,17/10/2012,"Huyện Bắc Trà My, tỉnh Quảng Nam"
Động đất ngoài khơi Vinh Bắc Bộ ngày 03 tháng 10 năm 2012,Động đất,03/10/2012,03/10/2012,Khu vực ngoài khơi Vịnh Bắc Bộ
Động đất tại Kiến An (Hải Phòng),Động đất,03/10/2012,04/10/2012,Khu vực Kiến An - Hải Phòng
Động đất tại Thủy Nguyên  (Hải Phòng),Động đất,03/10/2012,04/10/2012,Khu vực địa phận Thủy Nguyên Hải Phòng
Cơn bão số 7 - bão Gaemi,Bão,01/10/2012,06/10/2012,Trên địa phận các tỉnh Bình Định – Phú Yên và Gia Lai
Tin áp thấp nhiệt đới trên biển Đông,Mưa lớn,01/10/2012,02/10/2012,Cách quần đảo Hoàng Sa khoảng 280 km về phía Đông
Mưa lớn gây ngập lụt ở Bắc Trung Bộ,Mưa lớn,05/09/2012,06/09/2012,Khu vực từ Nghệ An đến Quảng Bình
Cơn bão số 6,Bão,23/08/2012,29/08/2012,Cách đảo Đài Loan (Trung Quốc) khoảng 280km về phía Đông Đông Nam
Cơn bão số 5,Bão,15/08/2012,18/08/2012,Khu vực vùng núi phía Bắc.
Flood number 3,Bão,23/07/2012,23/07/2012,Hai Thinh province
Cơn bão số 4,Bão,20/07/2012,25/07/2012,"Khu vực Đông, Đông Bắc, Bắc."
Sạt lở đất đá,Sạt lở đất do mưa lũ hoặc dòng chảy,03/07/2012,04/07/2012,Huyện Mù Cang Chải (tỉnh Yên Bái)
Lốc xoáy,Lốc,29/06/2012,30/06/2012,Tỉnh Sóc Trăng
TIN BÃO KHẨN CẤP (CƠN BÃO SỐ 4),Bão,,,
TIN BÃO KHẨN CẤP (CƠN BÃO SỐ 4),Bão,,,
TIN BÃO KHẨN CẤP (CƠN BÃO SỐ 4),Bão,,,
TIN BÃO KHẨN CẤP (CƠN BÃO SỐ 4),Bão,,,
TIN BÃO KHẨN CẤP (CƠN BÃO SỐ 4),Bão,,,
TIN ÁP THẤP NHIỆT ĐỚI GẦN BỜ,Áp thấp nhiệt đới,,,"các tỉnh Nghệ An, Hà Tĩnh, Quảng Bình."
TROPICAL DEPRESSION WARNING,Áp thấp nhiệt đới,,,
"Sạt lở đất tại Đầm Dơi, Cà Mau",Bão,,,
Sạt lở đất tại Cà Mau,Sạt lở đất do mưa lũ hoặc dòng chảy,,,Ấp 4 - xã Hiệp Tùng - huyện Năm Căn - tỉnh Cà Mau
Vùng áp thấp trên biển đông,Áp thấp nhiệt đới,,,
Lốc xoáy tại Cà Mau,Lốc,,,"Ấp Dinh Củ, xã Tam Giang Tây, huyện Ngọc Hiển"
Động đất tại Sơn La,Động đất,,,
Áp thấp trên biển Đông (Tin phát lúc 9 giờ 01/07/2019),Áp thấp nhiệt đới,,,Vùng biển phía Đông Bắc quần đảo Hoàng Sa
Áp thấp trên biển Đông (Tin phát lúc 9 giờ 01/07/2019),Áp thấp nhiệt đới,,,Vùng biển phía Đông Bắc quần đảo Hoàng Sa
"Thiên tai tại Hà Giang, Nghệ An, Hà Tĩnh",Lốc,,,
"Thiên tai tại Hà Giang, Nghệ An, Hà Tĩnh",Lốc,,,
"TIN NHANH CẢNH BÁO LŨ QUÉT, SẠT LỞ ĐẤT NGẬP ÚNG CỤC BỘ Ở TỈNH THANH HÓA",Lũ quét,,,
TIN BÃO KHẨN CẤP (CƠN BÃO SỐ 4),Bão,,,
TIN BÃO KHẨN CẤP (CƠN BÃO SỐ 4),Bão,,,
TIN BÃO KHẨN CẤP (CƠN BÃO SỐ 4),Bão,,,
